"lat","long","d1","d2","rv","name"
50.826,26.921,21.07793426785462,8.606158783104114,0.4083018133436886,"Villa Escalante"
66.953,13.349,29.290183509155423,93.43395505382398,3.189940924221889,"Villa de Zaachila"
46.614,34.426,64.14379521824382,13.305503973919967,0.2074324403264434,"Acatic"
2.002,80.515,77.34206874011065,81.8652116164125,1.0584823104680685,"Hermosillo"
57.108,26.246,4.759117775386531,4.325469916668018,0.9088806204878398,"San Miguel Zinacantepec"
61.389,24.167,1.0843929177194003,0.9034694239430555,0.8331568836166441,"Atlixco"
61.317,25.249,0.6002041319417918,0.3494824745248349,0.5822726901165818,"San Andrés Calpan"
61.838,24.951,0.7009572026878673,14.617567581509588,20.853723344959644,"San Andrés Cholula"
61.484,25.556,13.931540654213377,20.651477259508578,1.4823541611144682,"Huejotzingo"
52.077,35.832,34.53692670172029,12.324984056784814,0.35686394922252607,"Guanajuato"
76.952,11.873,46.776451874848306,39.70981755183471,0.8489275257148496,"Cintalapa de Figueroa"
44.453,45.516,7.089605066574582,17.749155360185448,2.50354641669217,"Valparaíso"
49.743,40.796,10.886372031122209,5.989010268817377,0.5501383061038019,"El Llano"
59.757,36.526,14.412561881913978,132.51690522344686,9.194541977282993,"Chapulhuacán"
49.633,46.784,119.14739823428796,126.78200309192154,1.0640769749971468,"Mexico"
6.098,157.693,9.353667195276937,84.14727722867806,8.996180372032862,"Xalpatláhuac"
8.541,166.722,88.06140542258,114.92632064936214,1.3050702529429954,"San Carlos"
73.286,107.032,29.37821834284714,108.94981083967059,3.708523422632848,"Unión Hidalgo"
101.638,99.335,133.34113200734424,51.66089756285696,0.3874340706812925,"Villa del Campo"
7.955,194.221,81.77379963044399,72.3208722638216,0.8844015147963956,"Pomoca"
67.114,137.766,9.629473765476508,14.523676979332738,1.5082524064194325,"San Antonio de la Cal"
61.452,145.555,18.878378373154828,20.44062437891759,1.082753188588713,"Metlatónoc"
80.261,143.938,1.9207542789227325,29.395556024678296,15.304173129925283,"Simojovel de Allende"
81.685,142.649,31.30401643559497,104.56853341230334,3.3404190681870847,"Chilón"
60.916,166.071,135.7802616619956,159.02863083419916,1.171220535942675,"Tlapa de Comonfort"
157.637,70.775,23.688684260633817,163.1702994542818,6.888111541316816,"Santa Rosalia"
177.596,58.016,185.67810792336292,257.65330738028575,1.3876342788167035,"Ciudad Constitución"
57.205,199.375,72.13350207774471,80.3793777843546,1.1143140908051654,"Cocula"
6.294,250.476,10.670470701895002,11.986015226087456,1.1232883310348083,"Tepatlaxco de Hidalgo"
5.758,261.133,1.3812979403445453,100.36350532439567,72.65883948206091,"San Salvador Tizatlalli"
6.138,262.461,101.01778410260245,81.46041945632248,0.8063968159664262,"San Martin Texmelucan de Labastida"
78.082,191.548,22.08132715667243,37.82096488721566,1.7128030674454775,"Cárdenas"
70.235,212.188,16.501421514524147,5.247080140420979,0.31797746247513453,"Carlos A. Carrillo"
58.799,224.084,14.64302489241891,8.874076628021639,0.6060275587331677,"Jojutla"
71.732,217.217,19.893434344024147,96.64619882851056,4.858195782446304,"Santiago Tuxtla"
59.529,232.928,76.85196748294737,3.980131907361857,0.05178959026969616,"Estado de Morelos"
5.894,287.969,73.49564093196277,48.12405411018486,0.6547878690483808,"Teoloyucan"
58.664,236.813,26.079485347682766,8.380649915131883,0.32135027986188874,"Unidad Habitacional José María Morelos y Pavón"
43.664,258.147,31.887928640788186,19.7385757591575,0.6189983671096679,"Coquimatlán"
67.037,236.455,12.328770660532204,12.94034821788038,1.0496057209747607,"Cuitláhuac"
59.202,245.974,3.575962248122888,44.14062741964595,12.343706213010629,"Tepoztlán"
61.893,248.329,43.50149888222245,29.575905615889443,0.6798824494752315,"Tlazcalancingo"
94.812,219.891,72.46704979506205,49.00510092837274,0.6762397678249622,"Chetumal"
45.321,272.826,23.491475581580676,16.951305377462823,0.7215938955641464,"Tecalitlan"
62.058,256.342,6.544793121252981,8.765732428040456,1.3393444629403783,"Santo Toribio Xicohtzingo"
57.544,261.081,15.277224093401285,10.498000428653071,0.6871667499586845,"Metepec"
68.894,250.855,25.711601914311007,257.00583309528207,9.99571453975543,"El Tejar"
50.826,269.148,282.7168543154087,14.393270267732728,0.05091054901054855,"Santa Clara del Cobre"
250.781,69.281,297.0545683422492,276.1972832885943,0.9297863514772668,"Navojoa"
41.603,280.198,20.915534250886335,21.144584413035883,1.0109511982530326,"Casimiro Castillo"
57.361,266.445,1.7942120833390802,3.352788988290186,1.8686692723920069,"San Pablo Autopan"
58.652,267.691,2.3033534249003202,23.63022922021706,10.259054891343773,"Col. Bosques de las Lomas"
57.686,269.782,21.40230006331095,2.073262405003298,0.09687100913781709,"Villa Cuauhtémoc Otzolotepec"
43.854,286.114,21.18775762085264,24.803093375625522,1.170633241113478,"San Gabriel"
59.047,271.346,3.742894334602563,3.303656913179693,0.8826476565576061,"Cuauhtémoc"
62.354,269.593,4.557949648690718,7.882194174213149,1.7293289267636662,"Apizaco"
61.062,273.964,3.3281601523965145,10.50141952309307,3.155322773614513,"Ciudad de Nanacamilpa"
59.917,277.089,7.271198113103522,27.704723423993972,3.810200601475419,"Chiautla"
59.496,284.348,21.259877563146965,391.9012383305263,18.433842676962044,"Ojo de Agua"
47.259,301.733,412.829453819613,3.5250239715496745,0.00853869300975299,"Jiquílpan de Juárez"
339.234,9.879,415.31983227989485,395.8201622580638,0.9530490275054101,"Las Delicias"
47.272,305.258,19.659647428171244,3.171503428974992,0.16132046317526497,"Sahuayo de Morelos"
62.723,293.102,21.61560882788178,2.5110589399693377,0.11616878154874571,"Chignahuapan"
47.475,308.423,24.027219980680243,14.137666002562082,0.5884020712312896,"Venustiano Carranza"
64.939,291.921,12.310443208918219,33.159728964513576,2.6936259240846203,"Teziutlan"
60.723,303.487,21.583069221035256,1.057864358034609,0.04901362022244709,"Epazoyucan"
45.494,318.781,21.903559254148636,440.681455793184,20.119171075345523,"Ajijic"
61.652,303.993,418.79813730722344,89.6922676711878,0.2141658705740399,"Santiago Tulantepec"
357.828,7.899,508.4223937672297,452.071566609757,0.8891653321169961,"Chihuahua"
1,370.069,56.45747147189647,59.13054740994711,1.0473467172432838,"Isla Mujeres"
42.887,332.215,2.6904393693224176,2.1412566403866524,0.7958761921202202,"Ameca"
45.079,330.655,0.8617493835217325,4.94441948058614,5.737653632404887,"Hacienda Santa Fe"
44.905,331.499,5.600563543073143,0.9522541677514447,0.17002827669533474,"Santa Cruz del Valle"
49.139,327.833,6.2800843943373845,2.2488059053639984,0.3580853001580198,"Degollado"
44.883,332.451,8.401095404767164,5.017398927731351,0.5972315139861704,"Santa Anita"
51.181,326.891,12.049461066786325,5.945770009006405,0.49344696630421025,"Abasolo"
45.367,337.445,10.10833522396244,5.420079796460566,0.5361990551729952,"Tlaquepaque"
53.972,332.141,5.492811484112667,3.4870296815484707,0.6348351279912496,"Apaseo el Grande"
50.715,336.564,8.39479898508596,353.1328806044546,42.06567438146212,"Gueramaro"
57.396,331.481,344.8121716558161,2.8071896979007263,0.008141214054075797,"Tecozautla"
301.325,87.772,342.01341358490606,335.74169281309105,0.9816623543910858,"Nuevo Casas Grandes"
59.529,329.656,6.817377574991731,12.805115384095524,1.878305146405369,"Estado de Hidalgo"
65.843,327.085,14.502306885457934,23.66966231275807,1.6321308395764695,"Gutiérrez Zamora"
64.367,341.512,31.204688702180633,36.863610458011294,1.1813484444546056,"Tihuatlan"
89.048,322.418,12.574636575265293,71.9220531200271,5.71961286431928,"Calkiní"
99.291,329.712,72.92675345852166,9.175334598803477,0.12581575572292691,"San Miguel de Cozumel"
47.738,381.293,64.66173400860822,503.1669045207564,7.781525074068866,"Teocaltiche"
96.024,338.286,438.5903320525887,355.25356213273926,0.8099894962804218,"Chemax"
407.015,29.019,83.33862419070762,66.84660453605701,0.8021083283435163,"Villa Purificación"
348.276,88.138,16.66641569144367,90.5764826541636,5.434670797312732,"Ahumada"
361.452,77.932,73.95569934765001,452.8403874324816,6.123130352723395,"Chihuahua"
416.017,28.011,526.6698032657654,526.8298446367669,1.0003038742111454,"La Resolana"
47.263,404.045,0.23007824755935147,531.3387173668036,2309.3826687363758,"Calvillo"
47.269,404.275,531.4968108210999,470.2108025056421,0.8846916725224031,"Calvillo"
423.706,29.063,61.56671909400405,468.17140671446396,7.604293579452067,"El Grullo"
384.176,76.263,406.7655923809191,466.81096251909076,1.1476166403031003,"Jiménez"
99.619,366.927,60.09426386103749,91.35141906396416,1.5201354204988016,"Cancún"
59.474,411.645,31.25972949339133,547.0369762758272,17.49973480709349,"Ciudad Valles"
38.226,434.573,578.2646919231711,573.5579075577286,0.9918605018926734,"Tecuala"
449.571,28.143,5.326863711415956,5.177953263597502,0.9720453805680582,"Zapotiltic"
447.965,33.222,0.7344256259146018,605.0545631271613,823.8472920572033,"Nicolás R Casillas"
448.699,33.247,605.5519954966708,550.7711229585299,0.9095356419505977,"Santa Anita"
23.434,464.342,54.81712766097837,53.95728773761704,0.9843143929634713,"Las Palmas"
63.261,426.676,1.2660035544973993,16.07240271396905,12.6953851408022,"Tampico"
63.264,427.942,15.024200810692035,563.2224773044841,37.487682998996156,"Tampico"
54.581,440.203,578.0068948282537,577.0345403873151,0.9983177459479484,"Estado de San Luis Potosí"
466.294,34.513,2.3527322414588596,12.620615713981627,5.36423800872298,"Acatic"
467.101,36.723,10.739588912058043,13.34648125911844,1.2427366976899337,"Yahualica de González Gallo"
463.344,46.784,13.867201015345518,15.950513753481419,1.150233110187881,"Estado de Zacatecas"
477.152,45.504,2.0857327249674187,65.44956925755895,31.379653046667972,"Zacatecas"
479.236,45.419,63.87807446221282,15.269989685654673,0.2390489978636983,"Guadalupe"
525.142,1,48.667338390341456,55.647347465984424,1.1434228644200568,"Mexicali"
490.993,35.675,7.026987548017988,14.854663139903245,2.1139447079414717,"San Julián"
486.718,41.252,20.704554015964685,41.50398179693122,2.0045822655696277,"Jesús Gómez Portugal (Margaritas)"
505.524,32.591,20.911497411711093,67.08144402888175,3.2078737695423976,"Pénjamo"
523.034,21.159,46.412769245111804,19.2902185835205,0.41562309031047845,"Zirándaro"
565.877,3.309,42.11313832997962,42.55836989359435,1.0105722722473471,"Tequisquiapan"
537.251,34.197,1.1816480017331772,49.779108971535464,42.12685071909923,"Comonfort"
537.765,35.261,50.06874883597554,705.0525368509782,14.08168874282678,"San Miguel de Allende"
575.764,2.658,754.9423812305148,24.30632119429019,0.032196260004203524,"San José Guadalupe Otzacatipan"
44.847,539.375,731.2586600567545,24.160839823979625,0.033040073429153584,"Miguel Auza"
562.919,23.293,754.9797827657374,34.78298499266559,0.046071412489012836,"Sultepec"
31.342,559.409,720.3878298277949,11.659937607037177,0.016185639351825844,"Licenciado Benito Juárez (Campo Gobierno)"
541.082,50.367,708.8064743249739,70.56101501537519,0.09954905544926547,"Matehuala"
40.485,552.173,779.3047256016096,780.4530393463787,1.0014735105627426,"Canatlán"
593.076,2.665,1.8860461288102435,28.41582539712691,15.066346980098622,"Iztapalapa"
594.945,2.918,29.394521207191044,50.35407495923246,1.7130428695982263,"San Bartolo Cuautlalpan"
575.834,25.252,20.96159617013928,2.7730131626085615,0.13229017199362142,"Tenango de Arista"
561.917,40.927,22.066181182977704,23.482064858099687,1.0641653244565137,"Ciudad Fernández"
578.413,26.271,1.7756514297575656,13.55872460816284,7.635915687581796,"Lerma de Villada"
580.186,26.174,12.180023686348068,4.12172585211584,0.33840047919903965,"Ocoyoacac"
588.835,17.598,11.581808882899075,78.61604701331657,6.787890199897511,"Zitlala"
583.854,28.054,67.54114385320996,6.273959674718988,0.09289093013222358,"Veintidós de Febrero"
537.047,76.746,72.90254103253193,24.73254374301197,0.3392548928023696,"Nava"
589.955,26.591,48.44661376195451,5.179013902279105,0.10690146328340958,"Coyoacán"
556.931,62.038,43.74756644660358,57.16229474050173,1.3066394175381526,"Apodaca"
588.232,31.475,13.585538855709753,10.238824395407965,0.7536561121463927,"Mixquiahuala de Juarez"
599.507,23.896,3.5898881598177383,5.697737270180143,1.5871628910214914,"Yecapixtla"
597.306,26.732,2.1283216392265873,2.1195039513999516,0.9958569759080963,"Profesor Carlos Hank González"
596.314,28.615,0.021023796041700467,9.789712406398937,465.64913334305334,"Tecamac de Felipe Villanueva"
596.335,28.616,9.77506956496987,24.91684042971735,2.5490192437105335,"Tecámac de Felipe Villanueva"
603.464,21.928,15.144519338691401,9.680332690563937,0.6391970899883568,"Axochiapan"
614.819,11.907,24.732985606270812,789.0230189519187,31.90164873390253,"Ometepec"
597.443,29.508,764.2903599555603,2.6431581488817395,0.0034583167436985935,"Don Antonio"
57.663,570.597,766.7356856335826,791.5818639066966,1.032405141352698,"Linares"
599.881,28.487,25.049296077934056,6.484457880193213,0.258867868383151,"Teotihuacán de Arista"
619.734,13.212,21.445390087382464,66.69369440209476,3.109931511170526,"Tlacoachistlahuaca"
606.218,29.862,45.297180850467946,6.554191101882837,0.14469313495511119,"Zempoala"
574.886,62.575,51.653322913438984,54.425081148308806,1.053660792346598,"Hidalgo"
611.828,26.473,2.827505260826204,14.36343792411825,5.079897860179831,"San Matias Tlalancaleca"
614.209,24.948,17.105097631992557,10.146078848501103,0.5931611187956252,"Nealtican"
602.238,37.166,25.286760429125717,25.605422277322415,1.0126019245956732,"Tamazunchale"
624.355,24.908,0.5675711409154088,822.3128789584898,1448.8278555393426,"Casa Blanca"
624.859,25.169,822.4832930254571,46.52125621691659,0.05656194674276099,"Santa María Xonacatepec"
44.604,608.078,777.26842881594,503.98898750369534,0.6484104703332055,"Ciudad Lerdo"
600.451,64.773,273.37221651257835,62.983963871766576,0.23039636095890004,"Camargo"
409.006,259.917,336.28726085297967,15.00970169590323,0.0446335720771334,"Cihuatlán"
646.832,22.161,321.28483349358396,837.5525399662996,2.6068847721784087,"Santiago Miahuatlán"
419.939,249.633,516.26785406899,13.094816149912157,0.025364384101595194,"Manzanillo"
54.902,614.709,503.2490375758308,517.2632709066052,1.0278475114394285,"San Pedro Garza Garcia"
411.716,259.824,14.016411594983941,9.890793395880852,0.7056580301494909,"Cihuatlán"
421.829,250.119,4.143311236197443,352.1945017912688,85.00314886180217,"El Colomo"
419.071,253.211,356.3309231037913,15.922324987262362,0.04468409547106453,"Manzanillo"
671.113,1.325,340.5164809007048,337.6905509678943,0.9917010479923452,"Vicente Guerrero"
431.539,243.308,3.0746268066222626,42.84798507514673,13.935995413446246,"Armeria"
434.386,242.147,45.661628584622335,75.63766873721052,1.6564820634252049,"Tecoman"
402.196,274.532,121.29040628590536,388.0143843983106,3.1990525572458246,"La Huerta"
489.032,189.851,266.72992201288554,1.404638031665092,0.00526614344976727,"Ciudad Lázaro Cárdenas"
677.756,1.362,267.8479753610245,935.6644640516173,3.4932668906325026,"Estado de Oaxaca"
488.844,191.243,667.8165712978378,1.3856511104892233,0.0020748977639119415,"La Orilla"
17.396,664.229,667.2408304600372,920.5328569355904,1.379611101288448,"Loreto"
489.329,192.541,253.2920269590024,30.096391826928347,0.11882092061192166,"Guacamayas"
668.493,13.496,223.20477970240694,339.84858520376395,1.5225865040026254,"Cuilapan de Guerrero"
511.104,171.765,116.65636564285721,11.046666691812492,0.09469407546632987,"Ixtapa-Zihuatanejo"
430.357,255.959,127.39237025819085,324.9806774332899,2.5510215154537077,"Estado de Colima"
520.477,165.919,197.58939198499505,27.025722007006635,0.13677719099949945,"Petatlán"
660.993,27.006,170.66358529282104,3.1035400754621962,0.018185133460879816,"Xico"
541.152,148.514,172.3898449271302,214.13672222437702,1.2421655249756351,"Tecpan de Galeana"
664.037,27.611,386.5152065275052,291.8999784343946,0.755209558394496,"Xalapa de Enríquez"
390.843,301.032,94.61691595586906,31.914228174906565,0.3372993914723653,"Tomatlán"
458.066,234.448,62.756865417259284,151.09029872893893,2.4075501178136656,"Coalcomán de Vázquez Pallares"
414.557,279.674,213.82852268348108,187.74798300381286,0.8780305856657212,"Casimiro Castillo"
565.929,128.647,26.093916858149104,10.345061817118351,0.3964549237033228,"Acapulco de Juárez"
548.018,147.623,15.79975015625243,442.241317695441,27.990399425425917,"Atoyac de Álvarez"
559.429,136.695,458.03700465573735,459.06417957623313,1.0022425588108712,"Coyuca de Benítez"
235.764,460.792,1.1056002894355834,285.55589518866526,258.2813137055558,"Los Cabos"
235.328,461.808,286.5794670331425,285.6599722082182,0.9967914839313384,"Cabo San Lucas"
439.358,260.563,1.0165220115668987,197.09840837764267,193.89487500996563,"Colima"
439.007,261.517,198.00981071654,34.60000578034636,0.1747388457932412,"Ciudad de Villa de Álvarez"
582.451,125.019,232.1983105967828,186.50558234004689,0.8032167928384187,"San Marcos"
418.263,289.209,45.69531625889025,250.1363930758578,5.474005074364542,"Autlán de Navarro"
450.881,257.207,204.44124091043867,298.6774573900749,1.4609452381524093,"Pihuamo"
597.238,114.463,503.0798042080402,248.13781392806703,0.4932374781346894,"Copala"
242.409,471.094,254.9489588937362,498.21147311759086,1.9541616301529887,"San José del Cabo"
423.164,291.298,243.26256873797908,89.01581558914124,0.36592483607710813,"El Grullo"
595.794,119.905,154.2543819280347,501.9805377950424,3.254238430835856,"Cuautepec"
486.984,229.243,347.72631955749335,82.41499577746755,0.23701109505414067,"La Mira Tumbiscatio"
242.132,476.146,265.3417666972164,289.60046144300253,1.0914243356699584,"Las Veredas"
430.357,289.123,24.366468640326186,206.04373800239597,8.456036081543482,"San Gabriel"
449.244,273.728,181.78591633017118,25.325716909892176,0.1393161660768813,"Tuxpan"
577.904,145.304,156.52490703079815,267.96134541571473,1.71194061378992,"Tierra Colorada"
468.315,257.064,111.4378115811684,198.79438623110065,1.7839042548525281,"Tepalcatepec"
389.778,336.123,310.23108972022777,334.5760846504125,1.0784737434025051,"Puerto Vallarta"
609.201,116.813,24.345034093219077,225.50053750933725,9.2626913828043,"Azoyú"
626.452,99.635,249.84455929637534,129.1226912397662,0.5168120995046197,"Santiago Pinotepa Nacional"
450.945,277.454,378.94386799234525,86.82530186529729,0.2291244408447617,"Tuxpan"
719.285,9.887,465.7486544832953,466.9804492106709,1.002644762825439,"Santo Domingo Tehuantepec"
390.957,340.224,1.4358175371543598,85.05024116367923,59.23471399593009,"Puerto Vallarta"
390.613,341.618,86.2732400805719,451.468720317366,5.233009910091848,"Ixtapa"
451.836,280.833,365.19590552606155,6.123097908738676,0.016766611607866758,"Zapotiltic"
710.094,22.626,371.26650692056785,134.60250191211162,0.36254954164478326,"Lerdo de Tejada"
448.114,285.695,236.66737959423136,48.79093666860682,0.20615826630716652,"Ciudad Guzmán"
615.654,118.537,285.456898233341,5.311815602974162,0.018608117848433026,"Ometepec"
413.864,320.444,280.17592560746544,209.18753009202058,0.7466292103380016,"El Salto"
612.321,122.673,70.98972953885657,295.7422423344355,4.16598632302944,"Igualapa"
562.303,173.049,224.7525372159344,110.55564621040392,0.49189943561876637,"Estado de Guerrero"
403.795,332.388,114.19774572205878,19.432506014407952,0.1701654081833098,"Mascota"
484.553,251.646,133.5892120270196,65.89918975222685,0.49329724123904667,"Apatzingán"
391.052,347.059,67.69993976363644,73.56970426065337,1.0867026546479994,"San Juan de Abajo"
439.014,299.279,5.891490897896708,588.3945548906787,99.87192802092565,"Tapalpa"
443.543,295.511,594.2610416980066,16.041031419456786,0.026993240838440437,"Sayula"
23.439,715.819,610.3003341249289,790.6583564504963,1.2955233878155603,"Ciudad Obregón"
455.051,284.336,180.3594271891547,48.65824687552975,0.2697848825196072,"Tamazula de Gordiano"
583.175,157.396,131.7186947589445,127.7372956814101,0.969773470008789,"Mochitlán"
490.393,250.891,3.982309003580732,148.9994433815107,37.415339504678414,"Buenos Aires"
493.257,248.124,145.01754065284655,626.7585757849669,4.3219501100583875,"Nueva Italia de Ruiz"
596.081,145.863,771.7745789082458,236.60013113267712,0.3065663700239677,"Acatepec"
51.121,692.356,535.1773498168621,784.1992162410008,1.4653071855700808,"San Buenaventura"
429.707,314.087,249.0218807293849,414.6340828754916,1.6650508046161594,"Tecolotlán"
605.938,138.148,165.61261131930746,39.476998986751774,0.23836952193597508,"Iliatenco"
723.476,21.476,205.08015883795292,213.29431672925563,1.0400534012546443,"Catemaco"
578.606,166.633,8.217918106187264,59.479446172606536,7.237775480851349,"Chilpancingo de los Bravos"
572.983,172.626,67.68121855433753,10.485164042589021,0.15491984728630526,"Chichihualco"
622.112,126.074,57.59274916167828,181.64465394004856,3.153950047255486,"Xochistlahuaca"
582.162,167.558,124.05726882774748,6.354143608701356,0.05121943815742093,"Tixtla de Guerrero"
494.644,255.483,117.71350767860076,155.41212426963347,1.3202573547800749,"Lombardía"
577.937,172.304,37.70160611963365,54.235871459763565,1.4385559938126735,"Zumpango del Río"
604.997,146.052,91.92652222835359,90.8671923743658,0.9884763414484851,"Malinaltepec"
540.214,211.272,1.124884438509034,450.759163716058,400.71597426799855,"Ciudad Altamirano"
541.228,210.785,451.8198175080415,451.4055143715016,0.9990830346069702,"Pungarabato"
222.221,530.747,0.41625232732081086,459.2062447495678,1103.1920174602456,"La Paz"
222.542,530.482,458.79182416974254,540.4759099247625,1.1780417205621316,"La Paz"
547.405,206.516,81.69256193803693,706.1293587332282,8.643741143395905,"Tlapehuala"
606.145,149.742,787.8071428776208,205.4144886223949,0.2607420997378597,"Malinaltepec"
49.633,707.357,582.3951385142221,638.936986274077,1.0970850270215196,"Estado de Coahuila de Zaragoza"
461.655,295.748,56.542324412779486,142.02475956677415,2.5118309344685206,"Mazamitla"
501.828,255.959,85.48249703886756,27.38034481156143,0.3203035213057945,"Estado de Michoacán de Ocampo"
562.448,195.689,112.86131348695176,716.5933298322,6.349326511382906,"Apaxtla"
482.647,275.498,603.7320165586715,65.85245147297101,0.10907563234485408,"Peribán de Ramos"
55.794,702.451,537.8798805579179,754.5275113108866,1.4027806924628787,"Ciudad Anáhuac"
436.224,322.204,216.647631720266,136.07616470197863,0.6280990178451583,"Cocula"
589.471,169.065,80.57256834680146,205.38184711653557,2.5490294194486696,"Chilapa de Alvarez"
532.714,226.254,124.80941883127252,198.57711243746095,1.5910426816898617,"Huetamo de Núñez"
444.584,314.631,73.76898625438744,6.650588695747203,0.0901542644603125,"Zacoalco de Torres"
392.886,367.254,67.38120056069052,138.95131706104837,2.06216742807802,"Las Varas"
441.353,320.444,71.57479615060038,157.70828655780903,2.2034053191849177,"Estado de Jalisco"
492.013,269.882,86.13349906395308,90.29214518439578,1.0482814023073062,"Nuevo San Juan Parangaricutiro"
553.018,209.076,4.159235626891055,8.354318942918137,2.008618816617231,"Arcelia"
556.014,206.191,12.509325881117686,59.425924645730205,4.750529741609114,"Arcelia"
547.329,215.194,71.93095652081941,75.76605547341101,1.0533163903010465,"Tlalchapa"
598.488,164.629,147.69030007417552,131.64958772818093,0.8913895337883506,"Atlixtac"
494.468,269.473,16.04392236954543,30.61898822626251,1.9084477923168879,"Uruapan"
505.981,258.299,46.657756321966495,92.72193807292855,1.9872781158419102,"Ario de Rosales"
473.174,291.475,46.0644779086879,186.37028826773863,4.045856953750227,"Cotija de la Paz"
440.619,324.065,232.43467218554116,430.76277984524154,1.8532638689179075,"Villa Corona"
605.184,159.918,198.32810974241653,221.93721855741094,1.1190406586623416,"Copanatoyac"
745.629,19.885,420.26241743106175,420.1692464198207,0.9997783027761308,"Coatzacoalcos"
449.193,317.788,0.5220306504411415,71.60011409208785,137.15691603851658,"Jocotepec"
449.623,318.084,71.67576333740716,34.84749398450338,0.48618239083777814,"Jocotepec"
400.666,370.435,36.87640927476536,42.55612464734073,1.1540202933061061,"Compostela"
426.797,344.415,5.701297045409932,1.011858191645405,0.1774785954119061,"Etzatlán"
431.195,340.787,5.020451872092803,42.81670594522652,8.528456608304891,"Ahualulco de Mercado"
427.806,344.491,47.82949166570764,121.02618122125477,2.530367290272228,"Etzatlán"
461.893,310.939,73.19680094102478,23.244642501015104,0.3175636394238526,"Tizapán el Alto"
514.201,259.737,96.37456816505068,81.90173581188618,0.8498272663761421,"Tacámbaro de Codallos"
446.759,328.582,14.474597680073854,9.03062794051444,0.6238949185403793,"Santa Cruz de las Flores"
457.036,318.389,23.503777845274136,151.67379639542224,6.453166694898753,"Chapala"
440.494,335.086,175.17723131731475,10.626637520871755,0.06066220730263023,"Tala"
564.408,211.262,164.5903927846337,99.68284551516378,0.6056419443970745,"Teloloapan"
448.614,328.231,64.91232090289175,43.64703064356152,0.6723997853790668,"Tlajomulco de Zúñiga"
494.715,282.533,108.5559745062426,77.86002718340134,0.7172339204501723,"Paracho de Verduzco"
418.114,359.453,30.704985425822954,209.4622142177438,6.821765629029924,"Ixtlán del Río"
440.223,338.146,178.7615523231995,12.910655173150577,0.07222277388712876,"Tala"
566.665,211.781,165.85492808475723,168.39597242511468,1.015320885364702,"Teloloapan"
449.572,329.242,2.5480653445309938,1.3362728014892324,0.5244264258596523,"Lomas del Sur"
447.913,331.176,1.7889102828258168,2.735204562733809,1.528978053842475,"Lomas de San Agustín"
449.599,330.578,1.0794702404420349,1.3735821781022028,1.2724595145297672,"San Sebastián el Grande"
450.633,330.888,0.495176736125598,66.10669940331312,133.50122204962722,"San Pio de Pietrelcina, Hacienda Santa Fe, Tlajomulco, Jalisco"
450.717,331.376,66.38942604059774,3.3830254211282704,0.050957292793275835,"Villas de la Hacienda [Fraccionamiento]"
497.858,284.629,69.71382913741003,134.67046322412347,1.9317610994897456,"Cherán"
448.811,334.171,204.38227885998333,3.0733670460913283,0.01503734601274706,"La Tijera"
593.497,189.817,201.31825045186534,120.0074165791431,0.5961079847941384,"Copalillo"
451.148,332.175,81.31797450133642,52.88065160339841,0.6502947463666762,"Real del Valle (El Paraíso) [Fraccionamiento]"
509.232,275.264,28.45774876900839,97.82865532143433,3.437680756672277,"Pátzcuaro"
489.523,295.792,69.3749568720587,48.5589509977306,0.6999492783438124,"Tangancícuaro de Arista"
440.483,344.863,20.821984079333095,18.569340968381155,0.8918141949216163,"Arenal"
455.494,330.433,2.2562324791564023,77.57351979251686,34.38188241201161,"San José del Castillo"
453.953,332.081,75.31836456004602,2.089245078969901,0.027738853481135972,"El Quince"
400.811,385.455,73.24572378644365,49.25179947981595,0.6724187697757653,"Tepic"
452.674,333.733,23.99445571376854,0.8698425144817977,0.03625181270449336,"Las Pintas de Arriba"
435.777,350.769,24.8541184715934,27.98483669775472,1.1259637604825745,"Tequila"
453.375,333.218,3.1467522940326726,211.67331301323745,67.2672308572375,"Las Pintitas"
455.828,331.247,208.54435688361363,13.73267260951055,0.06585012807215208,"El Salto"
603.486,183.979,194.8171455416591,205.54073699391074,1.0550443926402697,"Olinalá"
465.812,321.818,10.726517468405126,107.86176820820252,10.055618566408764,"Poncitlán"
458.416,329.587,97.1380924045763,40.24801437338244,0.4143381177978157,"Juanacatlán"
389.752,398.297,137.38593100095804,265.35176811168986,1.931433343854106,"Villa Hidalgo"
486.966,301.218,127.96583819519962,30.374794056915018,0.23736642908227726,"Zamora"
577.498,210.779,158.33790694903104,195.6625786449724,1.2357279593695536,"Iguala de la Independencia"
465.799,323.003,37.32467983787669,22.10267576561717,0.5921732178714527,"Poncitlán"
439.449,349.438,15.22746272364503,24.245898477886897,1.5922480926673452,"Amatitán"
450.419,338.877,9.018557977858766,225.27809441887604,24.97939193515755,"Guadalajara"
456.957,332.665,216.26226676191115,256.9952021108566,1.188349710556717,"Centro de Readaptación Social"
609.946,179.813,40.73299469717395,40.7529136258992,1.0004890121355754,"Huamuxtitlán"
638.815,151.077,0.046818799642859225,235.46068929016587,5029.191074660074,"Heroica Ciudad de Tlaxiaco"
638.859,151.093,235.48032109923756,233.99877613568842,0.9937084128447201,"Heroica Ciudad de Tlaxiaco"
472.991,318.242,1.4877956848976281,105.93743500764974,71.20428973077648,"Jamay"
474.131,317.286,104.45473373667664,26.707530717009373,0.2556852117811842,"Jamay"
548.301,243.736,131.15631230329714,109.89189336798239,0.8378696491089115,"Luvianos"
455.617,336.535,21.266018550730163,181.84609625999678,8.551017475424574,"Tonalá"
470.813,321.658,160.581121885482,663.244240551699,4.130275294904776,"Ocotlán"
584.368,208.117,823.8253620258363,191.87555494382292,0.23290804554983516,"Ciudad de Huitzuco"
1.837,790.651,631.9498180346285,823.5078790454892,1.3031222662688764,"Miguel Alemán (La Doce)"
448.732,343.834,191.55806465925676,2.645487100705658,0.013810366613441451,"Nuevo México"
584.226,208.424,188.91347634830075,274.02792406979256,1.4505472524605172,"Huitzuco de los Figueroa"
450.651,342.013,85.11445313223837,63.93697400565653,0.7511882136670799,"Zapopan"
390.495,402.227,149.05070023653025,231.4081406109128,1.5525464841405547,"Santiago Ixcuintla"
496.124,297.067,82.3575859408227,68.93323961631285,0.8369992737019296,"Puréparo de Echaíz"
554.625,239.098,151.28715626251952,73.5557637850359,0.4861996589941779,"Tejupilco"
447.842,346.267,77.73891406496494,33.09027681963393,0.4256591080238271,"Tesistán"
503.244,291.733,44.66422698312374,12.045240927436797,0.26968430309984004,"Zacapú"
471.958,323.609,56.69936328566654,8.447612325385169,0.1489895447824315,"Ocotlán"
512.069,283.535,48.275298911555126,481.5527831712739,9.975138301132507,"Quiroga"
478.331,318.064,433.28038740866174,268.0848427531851,0.6187329280158085,"La Barca"
171.963,624.447,701.3646866823279,408.12160031294593,0.5818964200257749,"Estado de Baja California Sur"
668.376,128.981,293.24357404894647,131.71992711810918,0.4491826548810351,"Zimatlán de Álvarez"
461.112,336.426,161.5236954784034,450.68492841230005,2.7902093688325693,"Zapotlanejo"
575.336,222.221,289.1614934824483,26.41111815126351,0.0913369129242882,"Taxco de Alarcón"
780.279,18.229,315.5584671736761,1059.587673920851,3.357817279983422,"Huimanguillo"
557.265,241.482,744.0292073635281,741.7531004047102,0.9969408365474208,"Tejupilco de Hidalgo"
31.478,767.911,2.3854177831147174,764.9824228268254,320.6911712664282,"Guerrero"
33.591,766.804,762.7051740640022,898.3177198769932,1.1778046752854612,"Cuauhtémoc"
572.931,227.516,135.61286241725003,146.52050754075356,1.0804322313464867,"Tetipac"
669.053,131.853,282.1292770716999,392.0463461849887,1.389598237567364,"Trinidad Zaachila"
470.198,331.987,109.91713090323998,1.7554204624533956,0.015970399227384236,"Tototlán"
392.627,409.862,111.26348468837386,178.19698236782804,1.6015764998455795,"Estación Ruiz"
471.947,331.837,66.93473724457282,69.80159221679689,1.042830600227037,"Tototlán"
519.302,284.532,2.8706769236540524,77.12794523387738,26.86751149122768,"Conjunto Habitacional Villas del Pedregal"
521.437,282.613,74.25951016536531,51.33613698945414,0.6913072396402279,"Morelos"
574.622,230.788,125.53628671025757,10.376839595946349,0.08266008074539022,"Pilcaya"
486.981,320.668,135.77935204220114,258.69504861516003,1.9052605917190992,"Yurécuaro"
583.002,224.668,122.91571870594915,4.795722260515087,0.03901634641203114,"Amacuzac"
669.998,137.835,127.69599669919185,208.18094663297126,1.630285615949061,"Santa Cruz Xoxocotlán"
579.896,228.322,80.4850722183934,577.2866750350297,7.172593117250149,"La Joya"
523.233,285.481,496.8018610764255,178.86262960439777,0.3600280989625408,"Morelia"
172.513,637.344,317.94066969798,703.8498879306582,2.2137774591695463,"Comondú"
397.371,412.566,385.90922580834996,264.8412799281864,0.6862786951346733,"Estado de Nayarit"
670.379,139.816,121.06800066904549,121.06800066904549,1,"Oaxaca de Juárez"
584.798,225.451,0,17.324065227307393,-1,"Puente de Ixtla"
584.798,225.451,17.324065227307393,122.28723011827518,7.058806839720135,"Puente de Ixtla"
572.968,238.107,139.59985519333463,308.40323408485847,2.2091945128291477,"Ixtapan de la Sal"
671.709,139.424,168.80338055856586,272.39446963732576,1.6136789958588493,"Santa Cruz Amilpas"
791.131,20.122,441.197462582232,159.91728182094636,0.3624619255173989,"Jalpa de Méndez"
479.526,332.464,281.2814798631435,157.18417371033252,0.558814514865358,"Atotonilco el Alto"
678.551,133.697,124.1009750848075,164.32524865339477,1.324125362762855,"Tlacolula de Matamoros"
591.247,221.896,40.22450509328859,151.26078397588714,3.7604137981333374,"Tlaquiltenango"
562.838,250.373,111.03655679549865,36.38160399157794,0.3276542882951935,"Temascaltepec"
484.759,329.321,147.40010161461896,102.52379117551205,0.6955476288853784,"Ayotlán"
589.343,225.451,44.88106376858728,90.74751100167987,2.021955439148815,"Jojutla"
557.885,257.462,135.62591172043787,109.0886210060426,0.8043346556880968,"Valle de Bravo"
653.806,161.579,26.549579827183734,65.00554650181786,2.448458579192263,"Asunción Nochixtlán"
635.548,180.854,38.461659675578225,68.48899118836543,1.7807081588799323,"Ciudad de Huajuapam de León"
608.356,208.055,30.027371063747804,0.08472307831990956,0.0028215283362650473,"Ciudad de Chiautla de Tapia"
587.173,229.337,29.98062042386717,2.5142609252024553,0.08386287173700001,"Xoxocotla"
608.373,208.138,27.46767105161998,26.141853415548066,0.9517317054809523,"Chiautla de Tapia"
589.005,227.615,1.3258254032865715,132.38382514869406,99.85011964662127,"Zacatepec"
589.943,226.678,133.70965028747923,133.40942763163326,0.9977546672569969,"Tlaquiltenango"
495.405,321.234,0.40360004955403034,47.636002655554506,118.02774233598657,"La Piedad Cavadas"
495.808,321.212,47.93417236168783,35.808374551213554,0.747032290054391,"Santa Ana Pacueco"
462.112,355.304,12.153602593469962,40.63966615266418,3.343837009653381,"Cuquío"
471.146,347.174,28.49597103100716,491.31912298627253,17.241704887040214,"Tepatitlán de Morelos"
491.384,327.113,462.82335884546706,29.06746781197151,0.06280466890107182,"Degollado"
818.802,0,433.76062034490866,128.5820809055445,0.2964355796137079,"Brisas Barra de Suchiate"
512.303,306.931,305.17880149184674,88.90438412699346,0.29131900280225936,"Puruándiro"
728.099,91.139,216.2791823292293,194.4642747344612,0.8991354259812185,"San Felipe"
575.714,244.617,21.81813532362465,0.5901220212803091,0.02704731694652777,"Tenancingo de Degollado"
591.337,229.387,21.365477411001123,58.18677054107746,2.7234013741774374,"Tlaltizapán"
576.302,244.567,36.8214478395405,15.440273086963195,0.4193282446211349,"Tenancingo"
550.516,270.852,52.24998229664774,513.3974003917433,9.82579089648193,"Heróica Zitácuaro"
587.615,234.059,565.6466937170234,611.5838822369341,1.0812118041706291,"Xochitepec"
187.943,634.332,45.93719361258369,565.2760118782682,12.30541022260926,"Loreto"
155.469,666.823,611.2132030282067,626.6608802119372,1.0252737949821702,"Mulegé"
587.685,234.653,15.50936388121707,158.38344195338095,10.212117219404107,"Xochitepec"
599.597,224.721,173.82177959335243,772.9773501190058,4.446953379072223,"Tepalcingo"
476.807,347.752,599.1556211753337,174.66046672615985,0.29151102076541835,"Capilla de Guadalupe"
53.188,771.467,773.8159575254311,469.3663517978254,0.6065607037864683,"Zaragoza"
600.468,224.406,304.4498861963985,164.15998730811353,0.539201999248622,"Tepalcingo"
385.374,439.869,140.29217584027984,285.2671938884666,2.033379211491012,"Acaponeta"
484.905,340.998,144.97503949645952,146.83492335612806,1.012828993640067,"Arandas"
587.679,238.747,1.9033008170019021,28.024625492591333,14.724222909091162,"Temixco"
589.284,237.724,26.15523656937552,1.9615187992981467,0.07499526123938169,"Emiliano Zapata"
608.184,219.644,28.005720058588008,91.66909355393447,3.2732275178842962,"Atencingo"
588.418,239.484,63.664258300870806,53.09363087979576,0.8339629220037508,"Tres de Mayo"
543.917,285.012,116.74439490185385,12.88086258757546,0.11033388453813399,"Ciudad Hidalgo"
626.672,202.666,129.62116000869617,52.87144920465108,0.40789211577109774,"Acatlán de Osorio"
535.031,294.337,76.75027909395516,85.56368024459915,1.1148321707059192,"Zinapécuaro"
589.426,240.191,8.813401159597788,3.0267713821827016,0.34342830053600243,"Jiutepec"
595.672,233.973,11.806894468910965,8.191097667590123,0.693755473901991,"Anenecuilco"
587.678,242.662,3.6218807269152204,305.33295181817505,84.30232104253447,"Cuernavaca"
590.256,240.118,308.95475169351255,21.925551897272754,0.07096687064073126,"Progreso"
371.793,458.583,287.03027411755716,280.4641011609151,0.9771237616769555,"Escuinapa de Hidalgo"
574.901,255.769,6.566237583273963,213.84851278416699,32.56789144043444,"Calimaya de Díaz González"
570.275,260.429,220.4146041078041,23.520087436061942,0.10670838954281968,"San Juan de las Huertas"
726.585,105.027,196.90307734771446,531.2394286910564,2.6979742310117976,"Juchitán de Zaragoza"
587.372,244.277,334.3363513963147,24.856275666318183,0.07434511850867846,"Cuernavaca"
350.985,480.713,309.4801326175882,347.21704448514623,1.1219364601804278,"Mazatlán"
569.834,261.891,37.73714501654843,66.4187288195129,1.7600358689134292,"San Antonio Acahualco"
596.619,235.308,104.1554158169416,28.632935598712244,0.2749058738245169,"San Pedro Apatlaco"
522.981,308.968,75.52445488052197,70.60553306929987,0.9348698137708675,"Moroleón"
576.579,255.759,4.920085873234344,6.767769869018868,1.3755389729752627,"San Antonio la Isla"
573.161,259.298,1.8527304175189294,41.325330972661334,22.305096619508117,"Santiago Tlacotepec"
571.994,260.737,43.16746499390482,3.0671460676009588,0.07105226281029092,"Cacalomacan"
602.539,230.234,46.228808604592,7.896971128223757,0.17082359175138542,"Jantetelco"
569.966,263.038,38.33367793468298,66.06997191614354,1.7235489907522212,"San Francisco Tlalcilalcalpan"
597.086,235.946,104.40362053587987,5.859872438884627,0.05612709989181643,"Cuautla Morelos"
523.296,309.805,98.54673718596675,104.69209147304296,1.0623597945762462,"Uriangato"
593.075,240.218,6.175006801615654,0.7978082476383986,0.12919957390648654,"Yautepec"
597.865,236.321,5.697240472369109,33.77979817879322,5.929150848137962,"Juan Morales"
593.858,240.371,28.083873522005444,335.52975430056864,11.9474172263901,"Yautepec"
574.582,260.795,307.45640680428176,39.09939766799487,0.12717054126273084,"San Jorge Pueblo Nuevo"
357.244,478.266,346.5525886571907,305.54643654443095,0.8816740851030751,"Villa Unión"
602.595,233.518,41.00703512813384,32.44539970473475,0.7912154488456254,"Temoac"
573.742,262.657,8.564400037363981,212.04310030746112,24.75866369884392,"Toluca"
579.904,256.709,203.47990568112618,0.7352455372187037,0.0036133569787028925,"Santiago Tíanguistenco"
723.864,112.905,203.98660250614503,157.50363593263492,0.772127355412423,"San Jerónimo Ixtepec"
579.923,257.444,46.484244147883054,1.6663496031745189,0.035847621784991554,"Capulhuac"
612.938,224.721,44.973984757857544,125.11029071183557,2.781836908280118,"Izúcar de Matamoros"
581.487,256.869,80.1373545420611,5.987561273172875,0.0747162332396464,"Xalatlaco"
524.959,313.672,74.18607837728051,71.2502913537903,0.9604267122928378,"Yuriria"
577.736,261.536,2.938606642611441,0.7638455341232963,0.25993459724997164,"San Mateo Atenco"
575.736,263.689,3.5782499912667536,33.51827755121083,9.36722633494505,"Santa María Totoltepec"
578.488,261.402,29.952526454374414,24.731518291443365,0.825690558327892,"San Pedro Tultepec"
599.743,240.298,5.2214605236466465,144.1437628619428,27.60602368037696,"Yecapixtla"
596.082,244.021,138.9224588682478,29.56915441807558,0.2128464659995586,"Tlayacapan"
497.899,342.304,109.35500345663202,141.40971372575504,1.293125227524091,"Ciudad Manuel Doblado"
575.384,265.138,32.06527338102699,131.670015516062,4.106311957844436,"San Mateo Otzacatipan"
598.755,243.184,163.71572638265388,85.41228076219483,0.5217109110370992,"Atlatlahucan"
482.999,358.957,78.3037262204041,137.9308521397587,1.761485165489062,"San Miguel el Alto"
538.471,303.691,59.627601796483404,12.00388812010512,0.2013142866465755,"Acámbaro"
580.935,261.831,47.67958936484238,2.9043658516102235,0.06091423794332892,"Ocoyoacac"
547.714,296.032,45.104679369218445,78.97994363760964,1.7510365829472954,"Maravatío"
580.065,264.602,33.875689749435324,158.7846239470309,4.687273532184763,"San Mateo Atarasquíllo"
604.205,240.836,192.65785021638752,116.0049443256623,0.6021293406698405,"Tetela del Volcán"
468.404,377.493,76.66170523801306,154.02471686388517,2.0091480666348565,"Nochistlán"
523.077,323.754,77.36394936273612,14.29371529729068,0.1847593797244215,"Valle de Santiago"
577.871,269.139,63.071108885130535,137.35536616019047,2.177785813316705,"Xonacatlán"
533.301,313.765,74.28456060986028,61.52446150922405,0.8282267675021759,"Salvatierra"
481.029,366.546,135.80399727916696,12.753022582901682,0.09390756412483053,"Jalostotitlán"
577.343,270.805,123.06066726619025,2.6669512556474992,0.021671841335612674,"Otzolotepec"
490.401,357.897,120.39695315496984,366.8145312893152,3.0467094197738307,"San Julián"
575.553,272.782,246.41787756978997,11.945562062958794,0.04847684827402832,"Temoaya"
750.308,99.051,234.49854354558366,257.6591232093287,1.0987664115672553,"San Luis Río Colorado"
584.551,264.925,23.16058073537886,81.33535807384139,3.5118013232542937,"San Lorenzo Acopilco"
568.185,281.313,58.1748758571945,29.955666458952358,0.5149244586698629,"San Pedro Los Baños"
527.219,322.618,88.12465681067926,79.55113299633135,0.9027114076283252,"Jaral del Progreso"
589.792,260.565,8.573680248294778,17.9680962263674,2.095727354649257,"Distrito Federal"
583.739,266.637,26.541534940541734,25.57031609112409,0.9634075854469848,"Huixquilucan"
602.593,247.956,0.99348678904148,5.557604160067494,5.59403931825756,"Atlautla"
602.047,248.786,4.566506323219083,11.425525895992756,2.5020278276848025,"Ozumba de Alzate"
599.253,252.398,6.872746903531432,38.663143754744,5.625573631247452,"Juchitepec de Mariano Riva Palacio"
594.526,257.387,31.79225536195876,12.860070606338033,0.4045032496098354,"Milpa Alta"
572.075,279.897,18.935125481495973,32.217342410571284,1.7014591449132528,"San Bartolo del Llano"
585.596,266.641,13.282217021265659,8.402097357207898,0.6325824479268496,"Cuajimalpa"
595.079,257.341,4.89785800120826,235.34864211420467,48.051340413737215,"San Francisco Tecoxpa"
591.822,260.999,230.4588279107572,2.997519641303454,0.013006746881764982,"Xochimilco"
428.863,423.958,227.46211992769258,221.46448937019227,0.9736323983993164,"Mezquitic"
589.752,263.167,5.998405954918336,2.4064814564006176,0.4011868277150275,"Tlalpan"
585.577,267.474,3.6280723531925028,354.9113368969777,97.82366566771343,"Jesús del Monte"
588.324,265.104,358.52935451508006,191.20123012418094,0.5332930978072504,"Magdalena Contreras"
334.944,518.761,167.32837868693997,368.2029170566143,2.200480993995029,"La Cruz"
453.349,400.528,200.87462199342156,187.14060990869942,0.931628933767592,"Tlaltenango de Sánchez Román"
595.684,258.784,13.737497952684091,10.537901546323198,0.7670903087752059,"San Antonio Tecómitl"
586.163,268.687,3.2153844249171244,69.29632605701404,21.551490241730626,"Naucalpan de Juárez"
588.584,266.571,72.50393010037452,194.03799105587552,2.6762410091045976,"Álvaro Obregón"
537.362,317.885,266.5418184994617,71.48308618127794,0.2681871331999721,"Tarimoro"
725.937,129.513,195.0589462111389,371.07322121920896,1.902364533526936,"Matías Romero"
588.041,267.472,176.0147364427195,145.83233142893934,0.8285234201194146,"Álvaro Obregón"
464.002,392.354,30.18290464816135,86.27421428213641,2.8583801091321397,"Jalpa"
485.384,371.051,56.09131067286621,242.20318554676362,4.318016153327788,"San Juan de los Lagos"
525.107,331.449,186.11191967200818,110.12693333149711,0.5917242352106078,"Valtierrilla"
656.719,199.859,75.98498776074128,189.14753243169736,2.4892750266312884,"San Gabriel Casa Blanca"
602.993,253.592,113.16254592399379,121.101567277224,1.0701559096996855,"Amecameca de Juárez"
522.999,333.634,7.94270035944957,106.19648288902974,13.370324711127484,"Salamanca"
517.564,339.426,114.13481504343883,68.83338445841522,0.6030884128757537,"Irapuato"
598.286,258.737,45.30323525974714,4.8108091834950155,0.10619129419592509,"San Pablo Atlazalpan"
566.468,290.986,40.508864832280814,32.79463268585277,0.809566815106586,"Atlacomulco"
595.185,262.415,7.72272808015399,9.815554390863463,1.2709957270265229,"Tlahuac"
589.945,268.088,2.102433114274993,0.8743826393518264,0.41589082354867213,"Colonia del Valle"
588.693,269.777,2.8608407855034375,38.90512369855667,13.599192201012448,"Polanco"
590.776,267.816,41.76455530710215,1.1731879644796488,0.028090517326306734,"Colonia Nativitas"
561.248,297.352,40.60671749846322,50.79052617368708,1.2507912311702927,"Temascalcingo"
590.089,268.767,10.18435471691744,84.33196647179528,8.28054096856129,"Benito Juarez"
597.405,261.682,94.51473858610619,73.94723441076081,0.7823883927202775,"San Miguel Xico Viejo"
530.614,328.555,168.46184560606002,41.90564502546169,0.24875451693350217,"Cortazar"
649.791,209.491,210.36711846198781,86.55771758196957,0.41146029956963104,"San Gabriel Chilac"
501.108,358.312,123.80944822185423,86.26002858798506,0.6967160408744869,"San Francisco del Rincón"
588.663,270.774,37.549623766424084,84.10876214164614,2.2399362152026154,"Miguel Hidalgo"
562.182,297.396,46.55916590747737,51.380935034310156,1.1035621887302411,"Temascalcingo de José María Velazco"
529.401,330.459,97.93923967950747,102.28524539248075,1.0443745094121109,"Villagrán"
598.663,261.214,4.348462946835323,395.4220199546303,90.93374481721322,"Chalco de Díaz Covarrubias"
601.842,258.247,399.767804812994,399.60589438095127,0.9995949888157741,"Tlalmanalco de Velázquez"
319.284,541.046,0.16589454481689883,378.97533482009095,2284.4351828348167,"Eldorado"
319.424,540.957,378.81339227250135,398.6675479807706,1.0524114408658158,"El Dorado"
587.385,273.195,19.85417084644939,6.5614816162204885,0.33048378937435746,"Naucalpan de Juárez"
601.447,259.179,13.292920860367811,15.298951728795052,1.1509097127334988,"Miraflores"
592.064,268.595,2.0817735227444483,4.963903302845531,2.3844588513651126,"Iztacalco"
591.079,270.429,6.888259939926826,24.499989591834495,3.556774832178409,"Mexico City"
596.124,265.739,31.38211696173477,0.8254901574216557,0.026304476477103267,"Emiliano Zapata"
573.952,287.948,32.100011479748744,87.62128026912183,2.7296339231654274,"Morelos"
596.921,265.524,119.71812780443905,384.14779656403084,3.208768827320293,"San Isidro"
512.268,350.178,264.42967609555484,108.47262220947728,0.4102134972561831,"Romita"
325.368,537.238,372.9019838630521,299.676853689103,0.8036343775504262,"El Rosario"
589.156,273.663,73.22515332862058,9.695263843753905,0.13240346251298926,"Azcapotzalco"
537.394,325.457,82.92029503686058,163.51445005258705,1.971947277562145,"Rincón de Tamayo"
596.046,266.842,80.59432739963768,5.053290611077078,0.06270032611624966,"Los Reyes La Paz"
653.218,210.037,75.54799680335668,2.559803117429094,0.03388313688967805,"San Sebastián Zinacatepec"
599.807,263.467,72.98826933829847,10.948159160333802,0.1499988869387957,"San Buenaventura"
651.422,211.861,83.93640506955255,73.95984635597893,0.8811414581633952,"Altepexi"
592.082,271.225,9.976603881080962,11.816943809632047,1.1844655706979603,"Venustiano Carranza"
599.155,264.189,1.8416568627190668,6.406817930923219,3.4788336853717894,"Ixtapaluca"
600.513,262.945,8.243669086032025,14.40774194660638,1.747734145590425,"San Jerónimo Cuatro Vientos"
594.801,268.889,6.199085416414286,80.94694848479467,13.057885647205119,"Ciudad Nezahualcoyotl"
591.175,273.917,87.05970269303708,80.65695875744385,0.9264557109944586,"Colonia Lindavista"
652.763,212.384,6.40360624960661,90.60253910901173,14.148674290299732,"Ajalpan"
648.305,216.981,84.19951933354483,91.74718926484884,1.0896402971304973,"Tehuacán"
588.845,276.597,7.547671031516965,3.9473459437956087,0.522988605003132,"Tlalnepantla"
583.518,281.944,11.494773855974703,23.16937066473752,2.0156438878260006,"Progreso Industrial"
591.669,273.839,11.675084624960979,7.240366910592318,0.6201554115601553,"Gustavo A. Madero"
600.054,265.715,18.91088490790425,39.882954316349206,2.1089946086911664,"San Francisco Acuautla"
586.702,279.107,58.793807539570004,72.94332139407967,1.2406633359301764,"Ciudad López Mateos"
628.276,237.534,131.73667419894886,81.16516250830772,0.6161166812647175,"Estado de Puebla"
535.396,330.957,50.57448212290463,86.57997494224634,1.7119300348314437,"Celaya"
571.357,295.396,36.005509314547986,19.28861425815759,0.5357128568756018,"Timilpan"
596.927,270.047,16.718366816169596,95.39513499649759,5.706008011753501,"Santa María Chimalhuacán"
585.169,281.932,78.67694636931454,18.049358575860857,0.229411020747247,"Nicolás Romero"
529.552,337.581,96.70962593764907,124.45907512110155,1.2869357513733244,"Santa Cruz de Juventino Rosas"
598.522,269.788,27.749514680440786,80.8015026097906,2.9118167845559997,"San Vicente Chicoloapan"
618.264,250.287,108.54930872649531,37.60493012890735,0.3464317789775895,"Cholula"
541.772,327.306,70.94774691982816,52.77524227324782,0.7438607223550665,"Apaseo el Alto"
592.055,277.254,123.72247557335726,108.71273861420285,0.8786822128348469,"Puerto Escondido (Tepeolulco Puerto Escondido)"
504.586,364.755,15.009821751106823,157.56704523789227,10.497596030830499,"Centro Familiar la Soledad"
515.231,354.173,142.55723101968556,104.84520067222918,0.7354604177023558,"Silao"
616.227,253.563,37.71336023215112,4.2514750381485396,0.11273127114576503,"Santa María Zacatepec"
589.701,280.371,41.95008982111955,2.4940972314647847,0.0594539187424849,"Buenavista"
619.471,250.815,44.425657867948374,2.7194971961743275,0.06121456218516358,"Santiago Momoxpan"
588.165,282.336,47.124771999448484,117.65148050917159,2.496595219825117,"Cuautitlán Izcalli"
621.615,249.142,164.7756864406882,3.412477106150287,0.02070983395586475,"Puebla"
505.136,365.691,161.36746909461027,133.2360352457247,0.8256684943581037,"La Ermita"
619.325,251.672,28.13164371308582,46.09226106408757,1.6384489130525681,"Cuautlancingo"
599.488,271.619,17.960620033840726,205.99295706892508,11.469145089690716,"Coatlinchán"
586.832,284.363,188.03242463468902,5.05525597769292,0.026885022556691028,"Huilango"
453.899,417.348,193.08752742991973,118.31527612696509,0.6127546284412757,"Colotlán"
590.434,280.816,74.7723727054318,38.92515008320456,0.5205819833556901,"Ampliación San Mateo (Colonia Solidaridad)"
537.636,333.762,113.69654943312925,43.27401337985649,0.38060973350214244,"San Miguel Octopan"
618.159,253.494,156.96992942917444,199.81566045733254,1.2729550251055588,"Santa María Coronango"
507.183,364.507,42.84574290405058,159.09083104314973,3.713107073424312,"León"
476.917,394.834,201.93643024724395,159.18928120008587,0.7883138322549331,"Villa Hidalgo"
619.892,252.228,42.747598412074574,41.47449477691084,0.9702181249367186,"Sanctorum"
589.749,282.539,1.2771785309814239,391.14783673184235,306.25932651034475,"Tultitlán"
590.718,281.707,392.42120738436137,2.4716314450175947,0.006298414556878746,"Fuentes del Valle"
313.565,559.521,390.00970224982865,199.1765087604459,0.5106962919421408,"Villa Juárez"
589.397,283.796,190.83330166666408,250.97352096984258,1.3151453062853136,"Cuautitlán"
454.534,418.812,60.14027503262684,98.84796245750337,1.6436233855578002,"Colotlán"
412.099,461.428,38.707732832084076,256.4541983766302,6.625399619480177,"Mezquital"
384.733,488.803,295.16192928628175,108.2969945335511,0.3669070560536698,"Pueblo Nuevo"
593.471,280.119,403.45887221004324,79.72072766853044,0.1975931951423969,"Ecatepec de Morelos"
308.233,565.458,323.7382372797504,401.19895922721435,1.2392696105295964,"Navolato"
537.187,336.577,77.46072235655951,78.94012917395054,1.0190987996546323,"San Juan de la Vega"
591.975,281.819,1.4848548750635362,36.70819036672881,24.72173609906361,"Coacalco"
593.112,280.864,35.228274695193385,8.388423034158482,0.23811620372379505,"Ecatepec"
618.109,256.041,26.84108516807769,3.3811626698518995,0.12596967107250726,"San Miguel Xoxtla"
599.152,275.043,23.460402596716023,11.31481829284057,0.4822942933820076,"Texcoco de Mora"
615.759,258.472,34.7748748523988,151.37249414936653,4.352927071394614,"Santa Ana Xalmimilulco"
591.219,283.111,116.59766661473124,385.61149418683056,3.3071973512213617,"Santiago Teyahualco"
508.783,365.569,269.01382757211576,111.83885585966976,0.4157364581182676,"Medina"
318.587,555.816,380.85266319798785,239.86073639926985,0.6297992887464128,"Villa de Costa Rica"
587.911,286.533,140.99244780129177,13.696171289816757,0.0971411696399477,"Tepotzotlán"
488.422,386.437,154.6776907540321,13.836407770805247,0.08945315709948018,"Encarnación de Díaz"
597.973,277.241,140.84801170410606,23.792726724778767,0.1689248320719117,"San Salvador Atenco"
498.508,376.965,164.639914504351,130.7540213530735,0.7941817860311026,"Lagos de Moreno"
614.926,260.547,33.88627220571774,3.122653038683627,0.09215097546660007,"Moyotzingo"
591.066,284.609,30.767637575868537,1.4807785114594412,0.048127793621075256,"Tultepec"
612.837,262.868,29.2876687532483,19.46710954404894,0.664686210024478,"San Rafael Tlanalapan"
592.147,283.597,48.75349453116154,2.54395951225646,0.052180044460822174,"San Pablo de las Salinas"
626.792,249.295,51.28292461433923,39.97725435794715,0.7795431843754306,"Amozoc de Mota"
590.546,285.574,11.306592103724212,3.3351823038628727,0.2949767952418056,"Melchor Ocampo"
598.627,277.666,7.974855735372205,32.38217554458013,4.060534336809389,"Chiconcuac"
593.017,283.334,40.35678164819389,54.321635652840946,1.3460348777656317,"Alborada Jaltenco"
621.609,254.853,13.964978088060162,1.7810101066529094,0.12753404233234317,"Tenancingo"
631.551,245.046,12.186278349028534,132.95388458033108,10.910130293464855,"Tepeaca"
622.935,253.664,120.76761745186488,335.06119006832165,2.7744290823810376,"Vicente Guerrero"
537.671,339.191,214.293659927213,25.368557073669034,0.11838221010498266,"Empalme Escobedo"
386.148,490.725,188.92554417283014,270.7717314141194,1.4332192748187398,"Pueblo Nuevo"
519.833,357.229,81.84619649073503,165.69080207422502,2.0244166397271885,"Marfil"
577.715,299.363,83.84470332704385,61.61351398029497,0.7348527877779696,"Jilotepec de Molina Enríquez"
637.139,240.213,22.232933971925483,55.30281245108609,2.4874275487400546,"Tecamachalco"
621.551,256.066,33.07009380089516,47.324490446279576,1.4310358697863317,"Papalotla"
598.231,279.514,14.254754294620456,30.40252107967368,2.132798675537127,"Tezoyuca"
588.265,289.706,44.648938576409684,58.46638179330059,1.309468570977214,"Coyotepec"
620.369,258.676,103.09831643630265,5.726257503815137,0.055541716894601245,"Zacatelco"
547.743,331.852,108.78243334748483,606.0714295741057,5.571409012686134,"El Pueblito"
624.877,255.145,714.8532027605388,58.40760410254812,0.08170573185794829,"San Miguel Canoa"
119.618,760.841,656.4482859784158,669.1550058035881,1.0193567720360992,"Santa Isabel"
583.976,296.841,12.706743563950578,17.21953959895558,1.3551496897921151,"Tepeji de Ocampo"
592.982,287.877,4.512805335930194,59.829145748539645,13.257639382800336,"Nextlalpan"
596.188,284.701,55.31635672204017,12.265970242911893,0.22174219290231487,"San Martín Azcatepec"
635.377,245.661,67.58173079316627,6.588179111105029,0.09748461653443201,"Acatzingo de Hidalgo"
587.593,293.452,74.16661435578683,1.8987904044417159,0.025601686431754495,"Colonia Santa Teresa"
640.187,241.159,72.31469106620042,128.9205819293413,1.7827716613118219,"Palmarito Tochapán"
589.199,292.439,56.60601915874314,45.98191098682177,0.8123148681039088,"San Pedro Xalpa"
549.173,332.466,102.58705269672188,26.374871544710892,0.2570974684562089,"Venceremos"
621.982,260.196,76.21630409564605,11.034034484267309,0.14477262595179607,"Teolocholco"
568.173,314.173,87.24920495339768,33.39531398265331,0.38275780278445765,"Polotitlán"
629.891,252.502,53.85611279139998,15.753014505166927,0.29250188490548557,"Acajete"
592.009,290.783,38.12924139030304,60.99209061017663,1.5996145841413996,"Zumpango"
619.366,264.223,99.11139878944293,3.0582094434489058,0.030856283745383458,"Panotla"
549.503,334.524,102.13951825322063,70.77902921769982,0.6929641967003113,"Santiago de Querétaro"
621.808,262.382,31.3629662181369,38.66615121782876,1.2328601494162406,"La Magdalena Tlaltelulco"
599.839,284.765,7.303196560411126,29.940550996933897,4.099650166782369,"Teotihuacán de Arista"
594.713,289.967,37.24337098061887,3.3840531910713305,0.09086323557640265,"Paseos de San Juan"
621.094,263.678,40.61278648406195,428.22904740921075,10.544192715692251,"Chiautempan"
592.559,292.577,387.61689085616484,4.485574768076005,0.011572186026693281,"Fraccionamiento la Trinidad"
318.605,566.796,392.0935500438639,344.4813834186109,0.8785693704476226,"Culiacán"
595.924,289.611,47.61298600172017,36.0580368434001,0.7573151753619778,"Reyes Acozac"
562.434,323.455,83.66850349444526,180.1585467359237,2.1532421306888128,"San Juan del Río"
621.685,264.381,96.49009083320423,29.945947705824878,0.31035257037523545,"Tlaxcala de Xicohtencatl"
690.115,196.354,126.43422805949344,148.96548285089398,1.1782053415219058,"Tuxtepec"
600.715,285.759,22.531273954217486,101.06823219983617,4.485686535310972,"San Martín de las Pirámides"
584.806,301.714,78.53696175686964,47.65575165706658,0.6067939297753407,"San Miguel Vindho"
529.317,357.293,30.883150681237158,85.90038091882943,2.781464294412733,"Estado de Guanajuato"
551.327,335.629,55.01723317288864,100.50967117645946,1.8268761509800635,"La Cañada"
590.516,297.014,45.492655077495805,459.7439901945429,10.105894883720865,"Tequixquiac"
622.787,264.949,505.236320913293,41.03961984473049,0.08122856205299138,"San Bernardino Contla"
265.674,622.348,546.2732875301518,712.4045884144767,1.304117562906012,"Los Mochis"
652.136,236.263,166.1313426930632,60.58122522696285,0.3646586143524404,"Maltrata"
769.761,118.943,226.71187345395037,262.86483630375517,1.1594665612304076,"Cintalapa"
609.483,279.284,36.152971440809665,494.7746507340488,13.685587408606324,"Calpulalpan"
583.943,304.872,458.6216886203704,16.961868882879614,0.03698444557627541,"Tula de Allende"
259.711,629.229,475.58235698246835,458.2814664210195,0.9636216728660382,"Ahome"
596.079,293.022,17.313137035211124,383.25887997670714,22.136882483933594,"Tizayuca"
584.294,305.705,400.5597334842832,7.36456387031846,0.018385681971219467,"San Marcos"
867.579,22.513,393.1980643136484,400.19208259159745,1.0177875196058188,"Escárcega"
589.645,300.645,6.994251425277775,59.73515122605785,8.540606791767638,"Apaxco de Ocampo"
584.742,305.633,52.741047553115585,99.18019383929435,1.8805123986096375,"El Llano"
547.511,342.989,151.91978275721698,391.41244245935775,2.5764415624848147,"Santa Rosa Jauregui"
655.399,236.032,543.3302440624855,535.2272000048204,0.9850863371840327,"Ciudad Mendoza"
271.207,620.225,8.12974095528267,294.3615755851976,36.20798955395039,"Juan Jose Rios"
277.399,614.957,286.25733305017707,295.48157158442217,1.0322235886010585,"Leyva Solano"
479.837,412.566,9.224809645732545,202.04235666067646,21.902062418615056,"Estado de Aguascalientes"
486.434,406.118,192.81811975537983,226.3024717894173,1.173657704351218,"Aguascalientes"
622.779,269.777,33.484445642716,480.66645853127716,14.35491761339159,"Estado de Tlaxcala"
646.517,246.161,514.1507774388755,225.85714880871052,0.4392819358044468,"Ciudad Serdán"
282.988,609.751,288.29389481048673,431.12599703566934,1.4954392194780084,"Guasave"
487.009,406.063,142.83210357969244,243.54742321363204,1.705130829202876,"Aguascalientes"
588.106,305.165,386.3794089298755,444.84868685992546,1.1513260711588842,"Atitalaquia"
314.904,578.386,58.4694562485406,482.36706635921985,8.2498982769531,"Estado de Sinaloa"
273.671,619.841,540.8362789181214,517.7112921947908,0.9572421680557573,"Adolfo Ruíz Cortínes"
656.116,237.428,23.129986078681487,30.54312520028035,1.3204990740755969,"Nogales"
640.096,254.112,7.413270870540232,23.466875590925994,3.165522479986743,"San Salvador El Seco"
634.925,259.424,30.876843831583553,6.2693617697497945,0.2030441260106041,"Rafael Lara Grajales"
657.031,237.867,37.128790446229196,97.74277074546225,2.632533125123364,"Río Blanco"
630.809,264.153,60.613982388554504,206.5235195129116,3.407192719808963,"Huamantla"
588.019,307.084,145.90953733392482,146.28228996019988,1.0025546830802567,"Tlaxcoapan"
485.005,410.417,0.3776890255223165,197.69858053107006,523.4427456759362,"Jesús María"
484.785,410.724,198.0712160133319,244.21083610888357,1.2329445995446713,"Jesús María"
624.843,270.667,46.14348461050598,64.30686499122781,1.393628277838956,"Sección Primera Santiago Tetla"
657.937,238.511,110.44094550935358,85.01708651794654,0.7697968006869896,"Orizaba"
579.924,316.685,25.424154361551523,10.835490251945231,0.42618881626724003,"Chapantongo"
597.959,298.765,14.59522675397678,94.45182743070669,6.471418979836766,"Tolcayuca"
587.809,309.253,79.85761276797598,98.12398583424958,1.2287367782874505,"Tlahuelilpan"
531.543,365.922,177.9796986765626,180.24189936859855,1.012710442308069,"Dolores Hidalgo Cuna de la Independencia Nacional"
657.589,240.267,2.2639887367210467,101.57244426516483,44.86437702524661,"Palmira"
659.255,238.734,103.83386611794826,71.29151602399828,0.686592136933589,"Ixtac Zoquitlán"
586.242,312.562,32.544012321777416,168.8365156060738,5.187944065922498,"Tezontepec de Aldama"
609.319,289.615,201.38010691227672,5.414622886222134,0.02688757578513354,"Ciudad Sahagun"
467.183,432.273,206.78135744065523,242.70670813350003,1.1737359263789295,"Villanueva"
613.404,286.061,449.4880241786203,5.426723965708955,0.012073122472229539,"Apan"
295.706,604.035,444.09934375204836,514.7270511144717,1.159035829158659,"Guamúchil"
610.046,290.324,70.6461560879288,1.912529738330799,0.02707195754501341,"Tepeapulco"
661.263,241.665,70.06721415897746,96.35905006796197,1.37523735208496,"Fortín de las Flores"
611.733,291.225,26.292210443399323,70.53986090147899,2.6829186177911515,"Tepeapulco"
593.264,309.938,96.83031588299188,264.78297011892585,2.7345048676582353,"Ajacuba"
661.959,241.695,167.9528065648205,2.0140171300165184,0.011991565792853954,"Córdoba (Santa Leticia)"
780.847,123.062,165.9508955444351,199.99474546347457,1.2051441169229717,"Ocozocoautla de Espinosa"
663.531,240.436,34.04450988044908,33.983362311578226,0.9982038934005636,"Córdoba"
639.629,264.679,0.07764663547121368,104.65327015435308,1347.81461578141,"Villa de El Carmen Tequexquitla"
639.706,264.669,104.71475178311798,215.4378856956223,2.0573785644054308,"El Carmen Tequesquitla"
565.702,338.754,110.72316355668313,32.72523492658227,0.2955590670946559,"Ezequiel Montes"
487.534,417.172,143.4472418452164,183.05939870162368,1.2761444301532816,"San Francisco de los Romo"
589.026,315.799,39.612173002752606,49.76991373309782,1.2564297780290763,"Progreso de Alvaro Obregon"
617.081,287.834,10.157892153394783,136.90585752990992,13.477782148352084,"Almoloya"
624.319,280.707,126.7482051667794,27.30154285017608,0.21539983792474082,"Tlaxco"
713.996,191.135,99.44679192915174,107.14238901573923,1.0773840657632274,"Juan Rodríguez Clara"
643.688,261.466,206.58909112777468,172.34322516710662,0.8342319733645225,"Zacatepec"
789.886,115.503,378.9316218897547,340.9193169211742,0.8996855823776045,"Suchiapa"
522.194,383.701,38.02222110818886,84.40070031107562,2.219773013021015,"San Felipe"
549.631,357.378,46.380707637982376,59.73636461151617,1.2879571626586503,"San José Iturbide"
582.627,324.783,13.35798847132312,135.17726186382086,10.119582162690056,"Alfajayucan"
592.327,315.599,148.52885043990617,7.131464155417155,0.04801399953137388,"Tepatepec"
487.534,420.857,141.40722378294544,113.93547043831437,0.8057259550841679,"Pabellón de Arteaga"
587.561,320.904,27.474954303874668,277.55985830807737,10.102286440161043,"Chilcuautla"
568.394,340.589,305.03181252125165,305.09068405475773,1.0001930012906506,"Cadereyta de Montes"
784.249,125.064,0.18291254740994758,207.56576772194398,1134.7814606547634,"Berriozábal"
784.413,125.145,207.62427255260883,254.71226925493792,1.226794276620031,"Berriozábal"
637.696,272.053,47.08866402861732,30.627107421367707,0.6504135985415643,"Libres"
604.618,305.567,77.71061961533951,274.80180443366817,3.5362194484346166,"La Providencia Siglo XXI"
659.718,250.768,197.09126760209347,246.37454646533595,1.2500530818176088,"Heroica Coscomatepec de Bravo"
799.224,111.545,443.4655605534662,0.33849667649771115,0.0007632986788765539,"Acala"
485.703,425.179,443.65368952934455,0.33731291110782224,0.0007603067867319323,"Rincón de Romos"
799.556,111.611,443.7257871084349,475.67187691201593,1.0719951166502169,"Acala"
485.885,425.463,31.949863129597283,428.6049332100601,13.414922357304713,"Rincón de Romos"
463.662,448.418,460.55001518836156,198.2440565691693,0.4304506568913887,"Jerez de García Salinas"
789.479,122.919,262.3062394168313,252.33675056162554,0.9619929404753379,"Tuxtla Gutiérrez"
604.088,308.485,9.969511773401978,136.82518507935598,13.724361652733773,"Pachuca de Soto"
611.149,301.447,126.85567926190771,57.87257519758391,0.45620799584462846,"Singuilucan"
700.894,211.791,68.98324121842924,129.87577770315755,1.8827149233524352,"Cosamaloapan de Carpio"
652.157,260.611,198.85894431229383,107.56612687086951,0.5409167148244766,"Tlanalapan"
792.819,120.044,91.29475479456633,147.1586625822618,1.6119070905376962,"Chiapa de Corzo"
728.552,184.886,55.863968727615465,186.28286272494316,3.33457981893895,"Sayula de Alemán"
689.301,224.637,130.4195137278161,281.6940823819343,2.1599074734309034,"La Isla"
597.145,316.922,151.27559533513653,102.48985722011717,0.6775042398151583,"Actopan"
490.833,424.542,253.75731805211052,162.64328843822602,0.640940287699708,"Tepezalá"
670.352,245.194,91.1143856753696,102.40269524284987,1.1238916279115272,"Paso del Macho"
606.038,309.735,11.28832715684654,31.585416334124815,2.798059968962521,"Mineral del Monte"
598.085,317.746,20.297277280463035,14.62519719525179,0.7205497068973455,"Actopan"
583.889,332.253,5.689959226567441,110.11866737751595,19.35315579474667,"Tasquillo"
588.133,328.463,104.43591162526421,200.43475152028904,1.919212925908923,"Ixmiquilpan"
662.332,254.969,95.99892603565941,207.73212013552455,2.1639004592443163,"Huatusco de Chicuellar"
730.662,187.539,111.73419430058101,1.2539417849326435,0.01122254286417782,"Oluta"
809.702,108.563,112.93389451356045,374.5117029693465,3.316202851079198,"Estado de Chiapas"
730.073,188.646,261.5779734171056,334.68008239660753,1.2794658434903277,"Acayucan"
545.257,373.757,73.10211633051395,0.042720018726600695,0.000584388262214629,"San Luis de la Paz"
493.581,425.463,73.08160896559407,10.266280192942327,0.14047693172403425,"Asientos"
545.269,373.798,83.34679627916121,292.65286433076307,3.511267107982813,"San Luis de la Paz"
486.434,432.833,209.30627434694833,456.7434084308169,2.182177337281892,"Cosío"
339.074,581.474,666.0454025980512,393.47803868576966,0.590767592045415,"Tamazula"
810.495,110.965,272.56875103723826,347.7351719814951,1.275770500683652,"Teopisca"
618.046,303.986,75.16648378765636,3.182899935593342,0.04234466979438553,"Cuautepec de Hinojosa"
565.052,357.293,72.04902081916174,454.55663069083045,6.3089910941570935,"Estado de Querétaro de Arteaga"
616.292,306.642,526.6038203830276,170.12069782657255,0.323052532552526,"Tulancingo"
244.241,679.321,356.48616641463104,477.2686696494963,1.338813997888441,"Huatabampo"
496.694,427.627,120.78386013039987,558.3576676289133,4.622783764536941,"Loreto"
582.696,342.819,437.57606264054255,313.8096864741431,0.7171546006892285,"Zimapan"
892.136,33.433,123.76847033473425,373.003923799737,3.013723307648067,"Maxcanú"
805.043,121.373,249.2354679514936,178.65179294090504,0.7167992357158187,"San Cristóbal de las Casas"
629.557,298.356,70.6068969010818,152.31452389381644,2.157218778601822,"Zacatlán"
680.348,249.309,81.7126150909393,82.63813826557322,1.011326564124816,"Soledad de Doblado"
738.199,191.601,1.0901986057595057,121.06682512150057,111.05024761718282,"Oteapan"
739.262,191.359,121.98639928287086,356.1759165426545,2.9198002288495135,"Cosoleacaque"
653.271,277.882,234.18953222763815,15.434654677057058,0.06590668050036576,"Perote"
488.084,443.888,218.77614332920302,435.98613297787347,1.9928412958712052,"Ojo Caliente"
642.953,289.361,217.20999607062285,331.7471860031371,1.5273108604784194,"Zaragoza"
796.766,135.993,548.9567021632945,247.48055086814395,0.45081980034652636,"Bochil"
408.667,524.236,301.4764931201105,470.98343463969087,1.5622559150973259,"Victoria de Durango"
622.019,311.236,169.50694865108036,543.8196876989651,3.2082442166921696,"Acaxochitlán"
741.934,191.432,713.326551924152,112.93670172269064,0.15832398418094942,"Minatitlan"
237.742,696.036,600.3917449166003,938.3322540518363,1.5628666816233108,"Villa Juarez"
662.534,271.746,337.94051064943363,544.0996639853769,1.610045693958854,"Coatepec"
901.607,32.899,882.040061723389,424.3422963834739,0.48109186282805055,"Muna"
278.016,656.701,457.69843585596834,598.6934056969393,1.3080521120359263,"El Fuerte de Montes Claros"
601.987,333.389,140.99552679429232,166.40454627503425,1.180211529106259,"Metztitlán"
702.107,234.113,25.409107756865485,14.236298395299231,0.5602832862737029,"Heroica Alvarado"
720.201,216.274,11.18648063512386,68.47954335420175,6.121634282294855,"San Andres Tuxtla"
712.531,224.417,57.29575067140662,323.187578189509,5.640690180376595,"Angel R. Cabadas"
672.258,265.171,265.89265583125837,65.2294416502242,0.24532246461000531,"Estado de Veracruz-Llave"
484.245,453.187,200.66542145820742,16.206351378394817,0.08076304956093351,"Trancoso"
626.465,311.624,216.8625884794332,125.9992172436004,0.5810094683784054,"Huauchinango"
473.166,465.015,90.86921150752875,60.61889986629583,0.6671005378017767,"Víctor Rosales"
537.954,401.299,151.47995158766057,434.10650581740884,2.8657687124107243,"Santa María del Río"
430.856,508.426,282.62664155383516,451.89266981662803,1.5989032998877808,"Vicente Guerrero"
231.302,708.566,734.5168520939461,720.8726055732733,0.9814241885917578,"Pueblo Yaqui"
751.621,190.123,13.64437466504055,219.1028327794965,16.058107326888283,"Cuichapa"
741.997,199.795,232.7471234193884,6.4901516161026755,0.02788499174878322,"Fraccionamiento Ciudad Olmeca"
906.725,35.369,226.26286562315084,361.62290832302097,1.5982424129875437,"Kanasín"
746.779,195.407,135.3600427009389,132.4326281548471,0.9783731263105497,"Villa Nanchital"
651.093,291.149,2.9274890264525637,634.1737101685941,216.62718611009285,"Jalacingo"
653.177,289.093,637.1011250319685,14.10838265004179,0.0221446519174391,"Altotonga"
202.831,739.744,651.2071629105442,685.5351063490476,1.0527143210235528,"Heroica Guaymas"
663.332,279.299,34.32832889903032,38.64142577597261,1.1256424945597665,"Banderilla"
687.725,255.145,4.3185318106967845,115.9010794514011,26.838074728156453,"Las Amapolas"
690.951,252.274,120.20982740608187,353.16265151626664,2.9378850226882434,"Boca del Río"
606.628,337.948,232.9544706954559,212.84393652627267,0.9136718256183459,"Zacualtipán"
442.152,502.919,445.7976119776776,35.707043366820486,0.08009698214491208,"Sombrerete"
757.474,187.788,410.0915479121705,100.16681131492605,0.2442547568339029,"Las Choapas"
467.587,477.858,309.92490872790466,313.29058508196505,1.0108596510292602,"Fresnillo"
686.782,258.753,3.4065438497103573,81.85137356208514,24.027688229829945,"Fraccionamiento Geovillas los Pinos"
689.536,256.748,85.21221408342821,80.91465303639384,0.9495663726936284,"Veracruz"
629.559,317.278,166.12305411651928,600.181918302276,3.6128755367169347,"Xicotepec de Juárez"
747.262,200.048,766.3043889747729,151.55830280456422,0.1977782001318455,"Allende"
205.583,742.087,614.7482498527345,456.556812281889,0.7426728134504801,"Empalme"
640.644,307.763,158.20619664223017,194.05556258195742,1.22659899991653,"Huehuetla"
530.004,420.847,35.86445606725411,364.7598219212198,10.170510358144318,"San Luis Potosí"
505.759,447.275,400.58552660449425,35.432022239776245,0.08845058017974514,"Salinas de Hidalgo"
789.386,164.389,365.1591561292144,47.43338337078643,0.1298978337927853,"Pichucalco"
531.269,422.685,412.59187563135555,0.2624804754643657,0.0006361746097465282,"Soledad de Graciano Sánchez"
823.103,131.026,412.8011621362033,238.82179414157324,0.5785395392437733,"Ocosingo"
531.233,422.945,173.97938751472833,316.7712453175004,1.8207400879065858,"Soledad Díez Gutiérrez"
654.289,299.957,142.7919387780697,379.7814292471395,2.659683960432836,"Tlapacoyan"
755.431,199.161,522.5726619648219,61.183398573469205,0.11708113153762317,"Agua Dulce"
386.274,569.033,583.7506631088311,338.20935588034814,0.579372970780325,"San Miguel de Papasquiaro"
799.256,156.467,245.5425948404879,19.21660802535145,0.07826181049294179,"Amatán"
625.972,330.432,264.4188292179663,27.07164568326048,0.10238168652106362,"Huehuetla"
815.206,145.749,291.2439834314178,29.171066384347377,0.10016023692800709,"Yajalón"
609.464,351.888,262.0742796250711,357.02523798885704,1.3623055207845072,"Calnali"
794.789,166.584,619.0992214273896,184.00359781265144,0.297211806192252,"Teapa"
357.495,604.828,435.1090739435343,35.43047638686216,0.08142895312603869,"Tepehuanes"
666.147,298.146,399.70554557699097,10.39765670716245,0.0260132910894519,"Misantla"
383.544,580.812,389.3277856511143,299.00018364710076,0.7679908669941214,"Santiago Papasquiaro"
659.258,305.934,90.3279919903017,74.55995228002766,0.8254357330121208,"Martínez de la Torre"
595.454,369.873,15.772586503170652,26.686886854783193,1.6919791087795597,"Pisaflores"
606.836,358.954,10.983443221503862,15.420105868637863,1.403940964382436,"Tlanchinol"
615.785,352.586,4.4774986320489605,77.34051916686359,17.27315305319738,"Yahualica"
618.972,349.441,81.81566537650353,308.19328009870685,3.7669226141527687,"Xochiatipan"
562.577,408.715,226.3928796252214,82.46010218281317,0.3642345215066855,"Río Verde"
402.869,569.174,308.84814321119035,31.84782323801735,0.10311806607248991,"Estado de Durango"
621.483,351.011,277.03234690555536,32.855040724369864,0.1185964061285979,"Benito Juárez"
426.347,547.655,309.84687083299707,267.8208308123175,0.8643651300795903,"Guadalupe Victoria"
645.818,328.937,42.026199304719405,20.659206567532998,0.49157922698979434,"Coatzintla"
616.126,358.679,21.367538463753856,218.23211508162584,10.213254814157322,"Atlapexco"
631.298,343.633,239.59909133592302,232.89383270494733,0.972014674206027,"La Ceiba"
462.343,513.521,472.49087769500903,209.6818376207152,0.4437796527281612,"Río Grande"
796.494,179.469,262.8100490106876,76.00446650033139,0.2891992402362078,"Río de Teapa"
610.975,365.619,338.8123442925302,55.49989774765355,0.1638071890902977,"Jaltocán"
850.606,126.097,283.3146128758628,289.837393489867,1.0230230998245835,"Nueva Palestina"
650.544,326.702,6.527046652200357,52.654903380407006,8.067186613819638,"Papantla de Olarte"
646.107,331.489,46.12809686080706,196.4569257852723,4.258942795279134,"Poza Rica de Hidalgo"
614.441,365.031,242.54416933210325,267.89067211271094,1.1045026266778735,"Huejutla de Reyes"
787.502,195.097,25.378225194051737,1115.5522917501446,43.95706489402627,"Cunduacán"
806.519,178.292,1140.8807660141351,16.625190194400773,0.014572241630896942,"Macuspana"
0,985.222,1124.2872928259928,810.8209674058756,0.7211866331494394,"Rosarito"
795.509,190.749,313.4669876605829,255.37969450995902,0.8146940652853695,"Villahermosa"
574.097,412.646,58.10056124513778,31.712221697635762,0.5458160991566952,"Cardenas"
615.921,372.317,89.75964335936285,235.0875029962248,2.619077953050966,"Platón Sánchez"
552.911,436.243,145.3285192004652,385.90112356535064,2.655370918856203,"Cerritos"
450.389,539.246,531.2277589829055,265.52562440939664,0.49983386583143724,"Juan Aldama"
826.774,164.363,265.70390302741134,58.41549918471979,0.21985186713156168,"Palenque"
639.002,352.353,207.29075791506003,395.49288697775586,1.9079137485705657,"Álamo"
785.821,206.019,602.7805003888232,23.441860101109658,0.038889546171431394,"Comalcalco"
360.789,633.444,626.0632772060663,365.4485937365199,0.5837246921228282,"Guanaceví"
804.204,191.473,260.62438015274006,517.8004605193008,1.986769082063012,"Estado de Tabasco"
620.831,376.674,257.17756824419973,232.1799156214852,0.9028000272598491,"Tantoyuca"
439.009,558.556,489.35437425448646,120.35644981886102,0.2459494716936365,"Cuencamé"
786.148,213.647,369.0131711809214,207.44221900326852,0.562153969570812,"Paraiso"
525.552,474.914,161.57297747457645,170.63891090252534,1.056110455904518,"Charcas"
640.083,360.947,9.069174604119159,35.146205968781324,3.875347813109492,"Temapache"
646.685,354.729,44.209773964588415,252.40763763602718,5.709317533227,"Alto Lucero"
615.468,386.034,296.6170937167985,44.849319927954305,0.15120274885699997,"Tempoal de Sánchez"
825.646,176.733,251.77612169743182,268.70147239641244,1.067223812110826,"Catazajá"
647.805,354.957,16.977428103219854,275.8079642432394,16.24556808995887,"Tuxpan de Rodríguez Cano"
636.824,367.905,292.7143463873952,274.28763494186177,0.9370488270460565,"Cerro Azul"
845.209,162.339,18.620356092191095,297.70074362184585,15.987918928505024,"Tenosique de Pino Suárez"
833.903,177.134,279.2103368036363,330.2935649585078,1.1829560779864585,"Emiliano Zapata"
638.616,376.687,51.085005872564956,796.2907045897246,15.587562162097548,"Naranjos"
602.556,412.872,745.2057015757463,400.4598067784082,0.537381565830255,"Tamuin"
76.346,940.541,344.76555512985925,1078.2328145720662,3.1274377574231265,"Arriaga"
321.698,698.331,733.4694200251296,699.3897821165248,0.9535363888688949,"Guachochi"
841.454,180.807,34.081628731620185,54.694960106028034,1.6048223674029773,"Balancán de Domínguez"
817.558,205.108,20.705739542455373,862.6131684283519,41.66058240323348,"Tapachula"
804.909,221.501,842.0691272383758,266.53573115250424,0.316524763265727,"Frontera"
210.447,817.903,575.6901498835985,144.89551971679458,0.2516901144584317,"Estado de Sonora"
622.175,415.536,720.1728908040069,363.8542410499017,0.5052317932207805,"Pánuco"
115.732,927.556,356.40740544074,674.8345235107641,1.8934357513594626,"Puerto Peñasco"
370.354,678.169,318.43194599945525,300.9322061062923,0.9450440192542966,"Santa Bárbara"
596.151,453.637,619.3334107449718,47.47537605959539,0.0766556030014417,"Ciudad Mante"
161.238,894.573,666.5326764390475,403.36056602622915,0.6051624778265696,"Heroica Caborca"
633.057,423.773,263.17241755548775,260.3650401494025,0.9893325545581031,"Anahuac"
446.986,609.884,2.914720226711364,543.3457871466384,186.41438796329604,"Gomez Palacio"
449.523,608.449,540.5364725122625,9.049121338560976,0.01674100046663491,"Torreon"
831.803,226.295,531.4961947982318,49.8175025467957,0.09373068525110997,"Carmen"
456.197,602.338,581.3104214178513,530.8760659984589,0.9132402352320126,"San Pedro"
867.429,191.473,50.43442210435245,696.9274100772619,13.818487076847415,"Candelaria"
831.806,227.175,646.4929934732472,281.8348853673016,0.43594422246273623,"Ciudad del Carmen"
375.395,685.042,364.66254281458635,362.22571324658884,0.9933175764387829,"Hidalgo del Parral"
633.679,427.616,2.7926777472526356,252.9870635625466,90.58942221723532,"Ciudad Madero"
632.911,430.301,250.54137945856365,42.419727592241735,0.1693122616468128,"Miramar"
455.806,607.515,208.1245086000205,18.357996023531516,0.08820679576383975,"Matamoros"
603.244,460.621,226.4695317829752,37.786567269335215,0.16685055588645772,"Gustavo A. Madero"
443.319,620.972,264.25293432618673,510.35018489072775,1.9312942964741695,"Poanas"
630.299,434.242,774.6029674988342,22.44931145937438,0.028981700821341307,"Altamira"
82.682,982.079,752.5569292757857,483.50893513357113,0.6424881843807754,"Las Margaritas"
617.658,452.794,269.07538164796875,285.17810282172786,1.0598446467868483,"Ursulo Galván"
428.555,644.214,554.2417153426834,334.9426684135659,0.6043259811406896,"Mapimí"
820.706,252.549,889.1565412738074,287.21406672550006,0.32301856129184703,"Cacahoatán"
195.465,884.746,602.1873397249398,7.04628022434532,0.011701143082091097,"Santa Ana"
625.796,463.504,601.7807063873018,386.54425376921586,0.6423340756299334,"Aldama"
200.704,889.458,988.3210732074875,407.5679126844997,0.41238411659257934,"Magdalena de Kino"
900.415,191.473,580.7588677032835,46.84207783606529,0.0806566725727509,"Calakmul"
490.419,602.793,533.9307252294066,137.2535793704485,0.2570625230669703,"Parras de la Fuente"
868.131,225.413,396.7658506903032,1031.5888882786592,2.5999941438606045,"Escárcega"
590.474,508.838,634.8348711925015,423.0396856962713,0.6663775178285577,"Ciudad Victoria"
141.773,957.929,211.82610545445053,5.588080529126252,0.026380509225421556,"Ensenada"
293.567,810.183,207.83698201234546,195.66847915798803,0.9414516957639684,"San Pedro Madera"
147.361,957.899,12.2032331781377,268.24654820705524,21.98159654013852,"Ensenada"
156.557,949.877,256.06178285913734,324.38990557198287,1.2668423298076998,"Rodolfo Sánchez Taboada"
339.737,770.956,68.44340717702471,142.7757309629336,2.0860406699750182,"Anáhuac"
391.718,726.431,210.8438189418888,681.4044885924952,3.2317973180911643,"Ciudad Camargo"
243.983,876.862,892.2336892989415,504.3973778777997,0.5653198079464159,"Nacozari Viejo"
875.675,246.746,387.8638343671656,957.8944942424504,2.4696669536239195,"Estado de Campeche"
603.536,523.113,570.0341289519425,108.27118481387363,0.1899380744323847,"Estado de Tamaulipas"
201.359,927.084,461.8069821094089,27.891356958742563,0.06039613526703822,"Nogales"
529.142,601.778,434.03716721267085,556.0993930890413,1.2812252846000214,"Saltillo"
222.851,909.307,122.06226386561902,232.10501388164798,1.9015296499594454,"Cananea"
136.637,995.715,354.16609377098763,1033.453489957337,2.9179910446921355,"Tecate"
387.681,745.894,679.2878561626138,349.23172864159983,0.5141144883914982,"Saucillo"
868.228,265.783,1028.5193409654482,0.6194780060664151,0.0006023007846259117,"Champotón"
140.984,993.085,1028.6545519215865,4.08203784891811,0.003968327210813995,"Tijuana"
868.751,266.115,1032.5825207556052,714.2449644330718,0.6917073939140613,"Champotón"
138.992,996.648,318.33832835522657,342.8088375902815,1.0768695034666038,"Tecate"
364.384,771.842,24.471403106483244,233.5777318003581,9.544926001340562,"Estado de Chihuahua"
381.863,754.715,209.10634324429287,30.271849712232722,0.14476772556281087,"Ciudad Delicias"
531.051,608.194,178.89097042053297,213.05336646014308,1.1909676936700713,"Ramos Arizpe"
404.624,734.757,34.18424622541796,570.6016320656645,16.691947170723022,"Camargo"
381.427,759.866,604.7512486320305,253.51700366050395,0.4192087312493669,"Pedro Meoqui"
810.828,334.027,351.4897993754584,359.7523023206384,1.0235070916989943,"Huixtla"
567.439,587.615,8.263885889822049,1.3277868804894661,0.16067342872253262,"Montemorelos"
561.828,593.682,7.811319990885088,9.384293740074375,1.2013710552153498,"Allende"
567.956,588.838,16.860945198890853,33.872353712135265,2.008923776963788,"Montemorelos"
557.288,601.895,17.022015891192247,14.659323347276302,0.8611978417234072,"Santiago"
547.191,615.599,2.8654804134734198,8.859166157150453,3.0916861673508103,"Santa Catarina"
549.848,614.526,11.266078865337333,2.275616180290556,0.20198830555784672,"Garza García"
542.706,623.239,11.811691834788142,468.2678044879874,39.6444312159272,"García"
551.798,615.699,456.50536986984054,4.994517494213027,0.010940763951225965,"Monterrey"
874.762,293.067,451.674823860042,463.9604410992385,1.0272001373337634,"Campeche"
556.109,613.177,12.286276083500663,11.275387709520288,0.9177221505434096,"Jardines de la Silla (Jardines)"
547.533,621.975,1.0112427997271114,8.8336562079357,8.73544534539035,"Parque Industrial Ciudad Mitras"
548.257,621.269,7.822416122912498,246.8030209904246,31.550740476145002,"Mitras Poniente"
553.844,615.794,254.62496676484812,3.8918721715904594,0.015284723336595231,"Guadalupe"
373.918,795.962,251.02413951052594,259.5378666514773,1.0339159698248637,"Aldama"
552.334,619.381,8.579678373925296,13.68381763251759,1.5949103260215913,"San Nicolás de los Garza"
559.143,614.161,5.122413884097897,10.906259670482902,2.129125040899266,"Juárez"
562.853,610.629,16.015568925267665,540.1054292413659,33.723774145122306,"Cadereyta"
551.925,622.337,556.1111993909133,431.73926787819516,0.7763542046106287,"General Escobedo"
945.167,229.119,987.8498422999317,543.7558348670844,0.5504438140123618,"Bacalar"
247.323,928.305,444.10046757462436,106.19567375839746,0.23912533652208526,"Agua Prieta"
562.303,615.235,337.9780807167826,14.144608619541195,0.04185066850945885,"Estado de Nuevo León"
325.029,855.922,324.97744173403794,322.8385022778417,0.9934181909834015,"Buenaventura"
557.035,628.362,2.814484855173322,64.46240966640948,22.903804064861365,"Fraccionamiento Real Palmas"
556.781,631.165,62.19101746233133,90.4579156127312,1.4545173773289837,"Ciénega de Flores"
515.063,677.288,152.49201260393937,522.4062101468548,3.4257939234081523,"Castaños"
623.385,569.956,369.91629481816557,156.87033091697103,0.42406980474888656,"San Fernando"
887.771,311.232,526.7097234131908,528.2774165767452,1.002976389259335,"Hecelchakán"
515.444,683.785,1.5705594544620016,526.2869095179929,335.0951840904829,"Monclova"
514.403,684.961,527.8545281808238,524.1948951620952,0.9930669667051244,"Ciudad Frontera"
887.763,311.822,8.21350479393538,843.3142448488583,102.67410393082594,"Hecelchakán"
890.318,319.628,839.5413671011095,4.34995264342042,0.005181344021725301,"Dzitbalché"
298.961,915.553,838.5033685525658,361.6232779150147,0.43127230191007215,"Ascención"
892.576,323.346,476.8888003381921,63.15159288569054,0.13242414760192678,"Calkiní"
556.304,661.494,539.7192758647777,500.3950036451203,0.9271393963896338,"Sabinas Hidalgo"
941.648,283.596,39.45727508331011,46.5946303451374,1.1808881948071042,"Estado de Quintana Roo"
915.747,313.362,7.146797464599031,13.493244013208901,1.8880126490286564,"Tecax"
911.364,319.007,6.3464793389721015,855.9854869797737,134.87564384293924,"Oxkutzkab"
907.494,324.037,849.6910390253627,66.89209681270277,0.07872519979665937,"Ticul"
307.268,925.455,916.5310149383927,87.60909257034909,0.09558770095329289,"Ascensión"
956.648,278.667,1004.1177941202916,41.987381497302295,0.04181519513264624,"Felipe Carrillo Puerto"
246.673,988.729,962.1437214304316,4.577243275160213,0.004757338402993646,"Villa del Prado 2da Sección"
927.701,309.081,966.2549014768308,733.3184099100472,0.7589285278545425,"Peto"
245.189,993.059,232.97624887743385,142.1519440071081,0.6101563772790103,"Tijuana"
412.384,830.813,90.8449579668569,252.73377161155173,2.782034108087286,"Ojinaga"
348.252,895.155,343.57724403836755,644.4811072389942,1.8757968358551258,"Vicente Guerrero"
591.991,653.005,300.90390484837513,249.64370829243822,0.8296459576296731,"Ciudad Miguel Alemán"
805.304,440.777,550.541993788848,417.0401926073792,0.7575084140944363,"Escuintla"
416.622,830.678,133.521495366851,306.1980508184205,2.2932491130146477,"Manuel Ojinaga"
512.291,737.536,172.68259187885727,548.0073431661293,3.1734950072476047,"Melchor Múzquiz"
634.484,615.519,375.3249302804171,171.04128844814056,0.4557152340515995,"Valle Hermoso"
900.531,350.778,546.3484793170015,8.594744033419467,0.015731249118079153,"Uman"
515.357,738.254,538.0570256069518,408.4680902812361,0.7591539016156629,"Palau"
896.275,358.245,129.5894361319625,407.1932962758596,3.142179705614351,"Hunucmá"
804.754,449.991,277.6038655224383,264.60467776666377,0.95317360681808,"Acacoyagua"
608.631,646.459,13.032989104576172,21.351243617176056,1.6382461034728526,"Gustavo Díaz Ordaz"
618.464,637.905,8.334659741105195,88.32037964139428,10.596758882166771,"Reynosa"
625.171,632.957,96.53159288543836,393.6209665579311,4.077638779099731,"Río Bravo"
557.942,702.229,490.13759216469003,47.04188748339071,0.09597690166067546,"Anáhuac"
904.804,355.932,537.1675222693568,542.8164734539658,1.0105161815456454,"Mérida"
525.445,736.242,5.725897134947563,45.11984992217941,7.879961665184998,"Ciudad Sabinas"
522.122,740.905,50.749505347343046,546.9658126254327,10.777756529484453,"Nueva Rosita"
558.249,705.263,496.21638528770893,116.55641635276884,0.23489030150664775,"Anáhuac"
912.131,357.415,379.78641131167393,16.023362069178866,0.042190456509064514,"Tixkokob"
644.632,627.011,395.59461375124914,362.83955015405917,0.9172004307981139,"Heroica Matamoros"
925.155,348.081,32.87280865700403,154.26872274378886,4.692897535876347,"Estado de Yucatán"
903.798,373.071,121.47255397825471,28.381766488363656,0.2336475653047057,"Progreso de Castro"
818.011,459.072,149.83903263502475,170.868221308118,1.1403451977984653,"Motozintla de Mendoza"
924.561,353.721,21.029371079516306,12.455221716212103,0.5922774232817706,"Izamal"
939.449,338.869,33.48437540107325,12.174806528236978,0.3635966441783097,"Chichén-Itzá"
915.809,362.583,42.262499807749265,179.12600766220405,4.2384148707966265,"Motul"
951.566,340.054,220.0564495691958,529.2817285009942,2.4052088886154817,"Valladolid"
796.495,496.188,309.22542612469636,374.176936662323,1.210045827575106,"Mapastepec"
578.256,715.259,64.99284305213922,328.9088387760353,5.060693198359928,"Nuevo Laredo"
534.228,763.067,263.95086556592304,577.7607895747167,2.1888952261473755,"Allende"
348.441,950.559,841.6283202441562,886.8445016630594,1.0537246434456793,"Ciudad Juárez"
953.155,365.188,45.39300630053053,583.9922097168762,12.865246374088487,"Tizimín"
988.494,336.698,629.0897303318502,454.04304784678743,0.7217460816079064,"Playa del Carmen"
545.034,782.901,175.8771123512095,37.23305597181093,0.21169926816549123,"Piedras Negras"
678.877,668.801,209.6759219843804,441.26552920548875,2.104512168251538,"San Pedro Pochutla"
530.895,817.345,650.9159451764874,209.0373177234152,0.3211433354374772,"Ciudad Acuña"
996.173,362.144,442.5732586702454,862.1455349144945,1.9480289828285038,"Alfredo V. Bonfil"
689.796,681.525,419.6105499924901,64.12714717652736,0.1528253929213054,"Crucecita"
405.075,989.757,357.6420364023223,520.2056517666836,1.4545428076622642,"Pórticos de San Antonio"
658.714,737.616,163.22857166562474,199.8890729279617,1.2245961040291178,"Puerto Escondido"
786.302,635.808,37.94558973056027,463.1150100277468,12.204712413647572,"Pijijiapan"
821.484,621.592,497.27874961735495,419.752428407508,0.8440988655366799,"Frontera Comalapa"
481.274,984.281,145.3301099875727,159.05919962705704,1.0944683083268727,"Playas de Rosarito"
626.329,993.219,18.377297543436644,195.8402985623746,10.656642963933397,"Mexicali"
640.305,981.286,177.491839147607,106.7077592773834,0.6011981158674138,"Guadalupe Victoria"
768.275,858.294,71.07232019569923,164.23349514943652,2.3107940573378762,"Tonalá"
720.592,910.997,94.18825249998007,81.36629830587113,0.8638688599290909,"Salina Cruz"
674.602,993.194,50.38493799738169,155.0035852778897,3.076387337937076,"Miahuatlán de Porfirio Díaz"
724.978,992.245,107.91299033017306,82.77853896391265,0.7670859524014814,"Terrazas del Valle"
821.767,944.526,54.241735195327344,155.0035852778897,2.8576442976927936,"Comitán"
807.626,996.892,54.241735195327344,82.77853896391265,1.5261041827998822,"Venustiano Carranza"